Step1,Step2CK,AOA,CumulativeQuartile,#Ho0redClerkships,Ho0rs-AThisSpecialty,GHHS,OtherDegrees,ResearchYear,#ResearchExperiences,"#Abstracts,Pres,Posters",#Peer-RevPublications,#VolunteerExperiences,#LeadershipPositions,RequiredtoRemediate,PassAttempt-Step1,PassAttempt-Step2CK,PassAttempt-Step2CS,#ProgramsApplied,#InterviewsAttended,HomeState,Release-Step2CK,Release-Step2CS,MajorityofInterviewOffers,MajorityofInterviewsAttended,Matched
190,205,0,,1,1,0,MSc,1,1,4,3,1,1,1,1,,,1,1,FL,,LateJanuary,,October,1
190,205,0,2,1,1,1,MDiv,0,4,4,0,10,3,0,2,2,1,9,2,GA,LateJanuary,MidSeptember,PromptlyafterOct1(MSPErelease),October,1
190,210,0,,0,,0,,,6,9,,,,0,1,,,5,5,TX,LateJanuary,LateJanuary,EarlyOctober,,1
190,215,0,4,0,,1,,,0,0,,,,1,1,,,10,8,TX,LateSeptember,LateJanuary,EarlyOctober,,1
190,215,0,4,0,0,0,,0,2,2,0,8,8,0,2,2,2,60,5,,MidJanuary,LateJanuary,LateOctober,December,1
190,215,0,3,5,1,0,,0,1,1,0,2,0,0,1,2,1,83,2,,LateOctober,LateSeptember,PromptlyafterOct1(MSPErelease),December,1
190,220,0,4,1,0,0,,0,0,0,0,4,0,1,1,1,1,27,5,,MidSeptember,EarlyDecember,LateSeptember(beforeMSPErelease),October,0
190,225,0,4,0,0,0,,0,1,4,1,3,0,0,1,1,1,50,3,NY,LateSeptember,LateJanuary,Early0vember,January,0
190,225,0,4,0,0,0,,0,3,4,2,4,4,0,2,1,1,41,5,,MidSeptember,MidSeptember,LateOctober,October,1
190,225,0,4,0,0,0,,1,6,10,1,8,4,0,1,2,1,49,6,TX,MidSeptember,MidSeptember,MidOctober,0vember,0
190,225,0,4,0,0,0,,1,11,11,6,8,3,0,2,1,1,67,7,TX,MidSeptember,Early0vember,LateSeptember(beforeMSPErelease),January,1
190,235,0,,0,1,0,,1,1,2,1,11,6,1,1,2,1,41,8,,MidSeptember,MidSeptember,EarlyOctober,December,1
190,245,0,4,0,0,0,Other,0,3,3,1,3,4,0,1,1,1,6,5,KY,LateOctober,LateJanuary,Late0vember,December,0
195,205,0,,0,0,0,,0,4,5,1,1,0,0,1,1,1,35,6,,EarlyOctober,EarlyOctober,,December,1
195,210,0,3,0,0,1,MBA,0,4,3,3,6,3,0,2,2,1,30,6,KY,LateSeptember,AfterRankListSubmission,MidOctober,0vember,1
195,210,,,1,0,0,MBA,0,4,2,1,6,4,0,2,1,1,21,7,,MidSeptember,MidSeptember,MidOctober,0vember,1
195,210,0,4,2,0,0,,0,4,1,0,11,11,0,2,1,1,44,6,,LateSeptember,MidSeptember,Mid0vember,0vember,1
195,215,0,4,1,,0,,,6,7,,,,0,1,,,20,12,TX,,LateJanuary,PromptlyafterOct1(MSPErelease),,1
195,215,0,3,0,0,0,,0,5,5,0,11,8,1,1,1,2,60,9,PA,Late0vember,MidSeptember,LateSeptember(beforeMSPErelease),0vember,1
195,215,0,4,0,0,0,,0,2,0,0,11,3,0,1,,2,71,4,TX,AfterRankListSubmission,AfterRankListSubmission,EarlyOctober,December,0
195,215,0,3,1,0,0,,0,3,11,3,8,6,0,1,1,1,60,7,,MidSeptember,MidSeptember,MidOctober,0vember,1
195,215,0,,2,0,0,,0,1,2,0,7,4,0,1,1,1,21,5,MN,EarlyOctober,LateJanuary,LateSeptember(beforeMSPErelease),0vember,0
195,215,0,4,2,0,1,,0,2,0,0,4,5,1,1,1,1,84,14,,MidSeptember,MidJanuary,MidOctober,0vember,1
195,215,0,,0,1,0,,0,2,3,2,11,5,1,1,1,1,21,8,WI,MidJanuary,LateJanuary,LateSeptember(beforeMSPErelease),0vember,1
195,215,0,,1,1,0,,0,7,1,3,11,3,0,1,1,,38,12,MA,MidSeptember,MidSeptember,LateOctober,0vember,1
195,220,0,4,0,0,1,MPH,0,7,4,3,11,6,0,1,1,1,59,6,FL,MidSeptember,AfterRankListSubmission,EarlyOctober,0vember,0
195,220,0,4,2,1,1,MBA,0,0,3,0,5,11,0,1,1,1,1,1,NC,LateSeptember,LateJanuary,PromptlyafterOct1(MSPErelease),October,1
195,225,0,3,0,0,0,,0,0,1,0,11,3,0,1,1,1,34,3,,MidSeptember,MidOctober,LateSeptember(beforeMSPErelease),0vember,0
195,225,0,,0,1,0,,0,3,4,2,11,0,0,1,1,2,33,7,,MidSeptember,,EarlyOctober,December,0
195,225,0,2,4,1,0,,1,4,8,7,4,2,0,1,1,1,36,12,IL,MidOctober,LateOctober,EarlyOctober,0vember,1
195,225,0,4,4,1,1,,0,4,8,2,9,2,0,2,1,,83,8,,MidSeptember,LateJanuary,MidOctober,0vember,1
195,230,0,,2,1,0,,0,2,3,0,7,3,0,1,1,1,37,16,PA,MidSeptember,Early0vember,MidOctober,0vember,1
195,230,0,,3,1,1,,1,4,2,1,3,2,0,1,1,1,28,13,NY,MidSeptember,MidSeptember,PromptlyafterOct1(MSPErelease),0vember,1
195,230,,,8,1,,,1,4,5,3,6,6,0,1,1,1,32,13,CT,MidSeptember,MidSeptember,LateOctober,0vember,1
195,235,0,4,0,0,0,MSc,0,2,0,1,11,0,0,1,1,1,28,5,TX,Early0vember,Early0vember,LateOctober,December,1
195,235,0,,1,1,0,,0,5,5,0,10,4,0,1,1,1,41,12,TN,MidSeptember,MidSeptember,MidOctober,January,1
195,250,0,,0,0,0,MPH,1,4,4,1,6,5,0,1,1,1,83,13,MO,MidSeptember,MidSeptember,LateSeptember(beforeMSPErelease),0vember,1
195,250,0,,1,1,0,MSc,0,2,2,0,4,2,1,1,,1,39,6,,Early0vember,LateSeptember,PromptlyafterOct1(MSPErelease),0vember,1
200,205,0,1,1,1,0,MSc,0,3,5,5,5,5,0,1,1,1,26,4,NV,MidSeptember,LateJanuary,Mid0vember,December,1
200,210,0,3,0,0,0,MPH,0,5,0,3,5,2,0,1,1,1,193,5,LA,MidOctober,EarlyDecember,MidOctober,0vember,1
200,215,0,4,0,0,0,,0,0,0,0,5,5,0,1,1,2,20,5,LA,LateJanuary,LateJanuary,PromptlyafterOct1(MSPErelease),December,0
200,215,0,3,1,1,0,Other,0,2,2,1,5,3,1,1,1,1,4,4,NY,MidOctober,EarlyOctober,LateOctober,December,0
200,215,0,4,1,1,0,,0,1,0,0,5,1,0,1,1,,32,8,,LateSeptember,LateDecember,MidOctober,January,0
200,215,0,,1,1,0,,0,2,5,2,4,1,0,1,1,1,44,11,IL,MidSeptember,EarlyOctober,LateSeptember(beforeMSPErelease),January,1
200,215,0,3,2,1,0,,,7,11,4,4,8,1,1,1,1,7,9,DC,MidSeptember,LateDecember,MidOctober,0vember,1
200,215,0,4,2,1,0,,0,2,2,0,5,2,1,3,1,1,41,8,NC,MidSeptember,MidOctober,EarlyOctober,December,1
200,220,0,4,0,,0,,,2,0,,,,0,1,,,43,8,TX,EarlyOctober,EarlyOctober,MidOctober,,0
200,220,0,4,2,,0,,,2,3,,,,0,1,,,59,5,TX,LateJanuary,MidSeptember,PromptlyafterOct1(MSPErelease),,0
200,220,0,,0,,0,,1,8,5,7,4,2,1,1,1,1,20,3,NY,MidSeptember,MidSeptember,Early0vember,January,0
200,220,0,3,0,,1,,0,11,11,0,11,11,0,1,1,1,47,11,PA,MidSeptember,MidSeptember,MidOctober,December,1
200,220,0,4,0,0,0,,0,3,3,2,10,0,1,1,1,2,62,4,LA,MidSeptember,AfterRankListSubmission,LateOctober,0vember,0
200,220,0,,0,0,1,,0,1,1,0,8,2,1,1,1,2,25,11,DC,MidSeptember,AfterRankListSubmission,EarlyOctober,December,0
200,220,0,,0,0,1,,0,5,6,2,10,0,0,1,1,1,34,8,,MidSeptember,EarlyJanuary,EarlyOctober,October,1
200,220,,,0,0,0,,0,3,0,0,11,8,0,2,3,1,66,13,MI,AfterRankListSubmission,MidSeptember,LateOctober,0vember,1
200,220,0,4,2,1,0,MPH,0,6,2,4,5,3,1,1,1,1,30,10,TX,MidSeptember,MidSeptember,PromptlyafterOct1(MSPErelease),October,0
200,220,0,4,2,1,0,Other,0,2,2,0,5,5,1,3,1,1,4,4,SC,EarlyOctober,MidSeptember,EarlyOctober,January,1
200,225,0,,0,0,0,,0,3,0,0,4,4,0,1,1,1,65,11,VA,MidSeptember,MidSeptember,Mid0vember,December,1
200,225,0,,0,0,0,,1,1,0,0,4,2,1,1,2,1,39,11,NY,MidSeptember,AfterRankListSubmission,LateOctober,0vember,1
200,225,0,2,2,0,0,,0,3,3,1,11,2,0,1,1,2,11,12,WA,MidSeptember,MidDecember,MidOctober,December,1
200,225,0,,1,1,0,,0,1,3,2,11,6,0,1,1,1,39,13,NE,MidSeptember,MidOctober,EarlyOctober,December,1
200,230,0,3,2,,0,,,3,2,,,,0,1,,,1,1,TX,EarlyOctober,EarlyOctober,EarlyOctober,,0
200,230,0,,2,1,1,,0,5,8,0,,,0,1,1,,16,7,MN,MidSeptember,,LateSeptember(beforeMSPErelease),0vember,1
200,230,0,2,3,1,0,,0,7,11,9,11,11,0,1,1,2,5,3,TN,MidSeptember,,MidOctober,0vember,0
200,235,0,4,0,,0,MBA,0,4,2,2,6,0,0,1,1,1,48,13,KY,MidSeptember,MidSeptember,LateSeptember(beforeMSPErelease),October,1
200,235,0,,0,0,0,,0,2,3,0,1,2,1,1,1,1,46,6,TX,LateOctober,LateDecember,Mid0vember,January,0
200,235,0,3,1,0,0,,0,3,2,1,4,2,0,1,1,1,9,11,PA,EarlyOctober,MidOctober,Mid0vember,December,0
200,235,0,3,1,0,0,,0,3,3,1,5,2,0,1,1,1,30,11,PA,MidOctober,LateOctober,Mid0vember,December,1
200,235,0,3,1,0,0,,0,7,11,2,5,4,0,1,1,1,21,12,TX,MidSeptember,MidDecember,LateSeptember(beforeMSPErelease),0vember,1
200,235,0,,1,0,1,MDiv,0,2,0,0,11,5,0,1,2,1,26,8,MI,LateDecember,MidSeptember,Late0vember,December,1
200,235,0,,0,1,0,,0,3,10,1,11,10,0,1,1,1,48,14,WI,MidSeptember,MidSeptember,LateSeptember(beforeMSPErelease),December,1
200,235,0,2,3,1,1,,0,2,0,0,11,2,0,1,1,2,52,0,MO,MidSeptember,LateJanuary,EarlyOctober,0vember,1
200,240,0,,2,0,0,,0,7,7,5,6,3,1,2,,1,2,4,,LateSeptember,MidDecember,PromptlyafterOct1(MSPErelease),0vember,1
200,240,0,,2,1,0,,0,2,3,0,11,,1,1,1,1,36,6,WI,MidSeptember,LateDecember,PromptlyafterOct1(MSPErelease),0vember,1
200,,0,4,3,0,0,,0,0,0,0,3,2,1,1,,2,29,5,TX,,,LateOctober,0vember,0
205,205,0,4,0,0,0,,0,1,2,2,3,1,0,1,1,1,58,7,LA,EarlyOctober,MidDecember,Late0vember,December,1
205,210,0,3,2,,0,,0,3,3,2,,,1,1,1,2,64,12,NY,MidSeptember,LateJanuary,Early0vember,December,1
205,210,0,4,0,0,0,,0,3,2,2,9,7,0,1,1,2,56,13,WA,MidSeptember,Early0vember,LateOctober,0vember,0
205,210,0,2,1,1,1,MSc,0,2,4,2,11,3,0,1,1,1,45,14,TX,MidSeptember,MidSeptember,EarlyOctober,0vember,1
205,210,0,3,3,1,0,,1,9,2,0,11,3,0,1,1,1,60,6,LA,Early0vember,LateJanuary,MidOctober,December,0
205,210,0,4,3,1,0,,0,6,0,4,11,3,0,1,1,,40,13,,Mid0vember,Mid0vember,EarlyOctober,0vember,1
205,215,0,,0,0,0,MPH,0,3,8,4,9,5,1,2,1,3,64,4,TX,MidJanuary,,LateOctober,0vember,0
205,215,0,,3,0,0,,0,1,1,0,7,3,0,1,1,2,71,4,WA,MidSeptember,MidDecember,EarlyOctober,0vember,0
205,215,0,3,3,1,0,,0,3,3,2,2,1,1,2,1,1,57,5,TN,LateOctober,LateJanuary,LateSeptember(beforeMSPErelease),0vember,1
205,220,0,3,0,0,0,,0,3,1,0,5,3,0,2,1,1,242,1,TX,Late0vember,MidJanuary,LateSeptember(beforeMSPErelease),October,0
205,220,0,4,0,0,0,,,4,2,0,9,2,1,2,1,1,56,9,,MidSeptember,Early0vember,EarlyOctober,October,1
205,220,0,4,1,0,0,,0,0,0,0,8,5,0,1,1,1,70,11,,MidSeptember,LateJanuary,PromptlyafterOct1(MSPErelease),October,1
205,220,0,4,2,0,0,Other,0,2,0,1,5,4,0,1,1,2,21,3,TN,MidOctober,LateJanuary,LateOctober,0vember,1
205,220,0,,2,0,0,,0,3,11,11,5,5,0,1,1,1,29,0,PA,MidSeptember,MidJanuary,EarlyOctober,0vember,1
205,225,0,4,0,0,0,,0,7,2,11,8,4,1,1,1,1,10,12,TX,MidSeptember,MidSeptember,LateSeptember(beforeMSPErelease),October,1
205,225,0,4,0,0,1,,0,2,3,2,3,8,1,1,1,1,77,13,NY,MidSeptember,LateDecember,EarlyOctober,0vember,1
205,225,0,4,0,0,1,MSc,0,6,6,1,6,6,0,1,1,1,36,16,VA,MidSeptember,MidSeptember,MidOctober,0vember,1
205,225,0,3,1,0,0,,0,1,1,0,5,1,1,1,1,1,102,4,,MidSeptember,MidSeptember,Early0vember,December,1
205,225,0,4,2,0,0,,0,0,0,0,6,7,0,1,1,1,34,4,TX,LateOctober,LateDecember,PromptlyafterOct1(MSPErelease),0vember,1
205,225,0,,0,1,0,,0,2,0,0,4,2,0,1,1,1,46,7,,MidSeptember,MidSeptember,EarlyOctober,0vember,1
205,225,0,3,2,1,0,,0,0,0,0,3,3,0,1,1,1,35,5,NC,MidOctober,LateJanuary,LateOctober,0vember,1
205,225,0,3,2,1,1,PhD,0,1,11,3,4,3,0,1,1,1,16,33,,MidSeptember,EarlyJanuary,EarlyOctober,October,1
205,225,0,4,3,1,0,MPH,1,2,2,0,7,2,0,1,1,1,42,13,,MidSeptember,MidSeptember,MidOctober,December,1
205,230,0,,1,,0,,,2,3,,,,0,1,,,24,8,TX,MidSeptember,LateJanuary,LateSeptember(beforeMSPErelease),,1
205,230,0,3,0,0,0,,0,2,4,2,4,1,0,1,1,1,31,13,FL,LateOctober,MidSeptember,EarlyOctober,January,1
205,230,0,4,0,0,0,MPH,0,4,11,5,11,11,1,1,1,1,19,6,MI,MidOctober,MidSeptember,LateOctober,0vember,1
205,230,0,,1,0,0,,0,1,2,0,4,0,0,1,1,1,29,11,MI,MidSeptember,MidSeptember,LateSeptember(beforeMSPErelease),0vember,1
205,230,0,3,2,0,0,,0,1,1,0,10,3,0,1,1,1,4,4,NV,MidSeptember,EarlyOctober,PromptlyafterOct1(MSPErelease),December,1
205,230,0,4,4,0,1,,0,6,3,2,5,8,1,1,1,1,32,14,PA,EarlyOctober,EarlyDecember,MidOctober,0vember,1
205,230,0,3,1,1,0,,0,2,2,0,3,2,0,1,1,1,40,9,KY,MidSeptember,MidOctober,LateSeptember(beforeMSPErelease),October,1
205,230,0,3,1,1,0,Other,0,6,7,0,,11,0,1,1,1,58,17,,MidSeptember,Late0vember,EarlyOctober,0vember,1
205,230,0,,1,1,0,,0,2,2,1,4,2,0,1,1,1,35,13,,MidSeptember,MidJanuary,MidOctober,0vember,1
205,230,0,,1,1,1,,0,4,1,1,2,10,0,1,1,1,25,13,,MidSeptember,LateJanuary,LateOctober,January,1
205,230,,,1,1,0,,0,2,2,0,8,5,0,1,1,1,48,16,MI,MidSeptember,MidSeptember,MidOctober,0vember,1
205,230,0,,2,1,0,MPH,0,2,2,,3,3,0,1,1,2,35,8,NC,MidSeptember,MidSeptember,LateOctober,0vember,0
205,230,0,,2,1,1,,0,4,2,1,9,3,0,1,1,1,36,20,,MidSeptember,EarlyJanuary,PromptlyafterOct1(MSPErelease),0vember,1
205,230,0,,3,1,0,,0,3,11,9,8,3,0,,1,1,19,13,DC,MidSeptember,LateJanuary,Early0vember,December,1
205,235,0,,1,,0,,,1,6,,,,0,1,,,16,6,TX,MidSeptember,MidSeptember,LateSeptember(beforeMSPErelease),,1
205,235,0,4,1,0,1,,,3,0,0,8,4,1,2,1,1,89,7,,MidSeptember,LateJanuary,Early0vember,December,0
205,235,0,,2,0,0,,0,1,0,0,5,2,1,1,1,1,48,7,OH,LateSeptember,MidDecember,MidOctober,December,1
205,235,0,3,1,1,0,,0,4,4,3,5,0,0,1,1,1,81,14,TX,MidSeptember,EarlyJanuary,LateSeptember(beforeMSPErelease),0vember,1
205,235,0,,2,1,1,,0,5,2,1,6,2,0,1,1,1,24,10,MN,MidSeptember,LateJanuary,EarlyOctober,0vember,1
205,235,0,,3,1,1,,0,1,5,0,11,4,0,1,1,1,24,12,WA,EarlyOctober,MidOctober,LateOctober,0vember,1
205,235,0,3,4,1,0,,0,3,3,1,8,2,1,1,1,1,45,10,FL,MidSeptember,MidSeptember,EarlyOctober,December,1
205,240,0,,2,0,0,,0,1,1,2,7,4,0,1,1,1,58,12,TX,EarlyOctober,LateDecember,MidOctober,December,1
205,240,0,,1,1,0,,0,2,1,0,11,0,1,2,1,1,49,8,,MidSeptember,MidJanuary,PromptlyafterOct1(MSPErelease),January,1
205,240,0,,2,1,0,,0,4,4,0,5,0,1,2,1,1,54,4,,MidSeptember,MidSeptember,LateSeptember(beforeMSPErelease),0vember,0
205,245,0,4,1,0,0,MSc,0,3,11,0,,11,0,1,1,1,16,11,,MidSeptember,MidSeptember,MidOctober,0vember,1
205,250,0,2,3,,1,,,4,11,,,,0,,,,34,6,TX,LateSeptember,Late0vember,PromptlyafterOct1(MSPErelease),,1
205,250,0,3,0,0,0,MPH,0,4,4,3,5,5,0,1,1,1,50,22,NY,MidSeptember,MidDecember,LateSeptember(beforeMSPErelease),December,1
205,250,0,3,2,0,0,MEd,0,1,2,0,2,6,0,1,1,1,31,15,MA,MidSeptember,MidSeptember,PromptlyafterOct1(MSPErelease),0vember,1
210,210,0,2,0,0,0,,0,3,3,0,7,2,0,1,,1,14,12,WA,MidSeptember,MidSeptember,Mid0vember,December,1
210,210,0,4,0,0,0,,0,0,0,0,3,1,1,1,1,1,36,6,TX,MidSeptember,MidDecember,PromptlyafterOct1(MSPErelease),December,1
210,210,0,4,0,0,0,,0,2,3,0,8,6,0,2,1,1,25,7,,LateSeptember,Late0vember,LateOctober,December,1
210,210,0,,0,0,0,,0,5,2,0,11,3,0,1,1,1,247,8,TX,Late0vember,EarlyDecember,MidOctober,December,0
210,210,0,4,0,0,1,Other,0,0,0,0,4,0,0,1,1,1,45,7,LA,Late0vember,MidOctober,EarlyOctober,December,1
210,210,0,3,1,1,0,Other,0,7,2,2,7,1,0,1,1,1,29,11,NY,MidOctober,MidDecember,EarlyOctober,0vember,1
210,215,0,3,0,0,0,,1,4,3,2,8,8,1,1,1,1,15,3,,MidOctober,MidJanuary,EarlyOctober,,0
210,215,0,,0,0,0,,0,0,0,0,2,6,0,2,1,2,1,4,AZ,MidSeptember,AfterRankListSubmission,EarlyOctober,0vember,1
210,215,0,3,2,0,0,,0,6,3,1,7,5,0,1,1,1,79,13,MI,MidSeptember,MidSeptember,MidOctober,0vember,1
210,215,0,3,1,1,0,,0,3,2,0,6,4,0,1,1,1,11,12,NJ,MidSeptember,MidSeptember,MidOctober,0vember,1
210,215,0,2,4,1,0,,0,8,3,2,6,6,0,1,1,1,10,10,OH,MidSeptember,LateJanuary,PromptlyafterOct1(MSPErelease),0vember,1
210,220,0,4,0,,0,,,1,0,,,,0,1,,,60,12,TX,MidSeptember,MidOctober,LateSeptember(beforeMSPErelease),,1
210,220,0,,0,,1,,,1,4,,,,0,1,,,8,7,TX,EarlyOctober,LateJanuary,EarlyOctober,,1
210,220,0,3,2,,0,,,1,2,,,,0,1,,,12,0,TX,LateSeptember,LateJanuary,,,1
210,220,0,3,0,0,0,,0,1,2,2,6,6,0,1,1,1,28,9,,Early0vember,LateJanuary,EarlyOctober,0vember,0
210,220,0,4,0,0,0,,0,2,2,0,4,0,1,2,1,2,41,1,WV,LateJanuary,LateJanuary,EarlyOctober,October,1
210,220,0,,0,0,0,,0,0,0,0,7,5,0,1,2,1,68,9,NY,MidSeptember,MidOctober,Late0vember,January,1
210,220,0,,0,0,0,Other,0,2,0,0,2,0,1,1,2,1,41,8,,LateSeptember,MidSeptember,Late0vember,December,1
210,220,,,8,1,,,1,4,4,1,8,6,0,1,1,1,12,9,CT,MidSeptember,MidDecember,EarlyOctober,0vember,1
210,225,0,,2,,0,,,1,2,,,,0,1,,,41,5,TX,EarlyOctober,EarlyOctober,MidOctober,,0
210,225,0,2,0,0,0,,0,0,0,0,7,3,0,1,1,1,46,12,TX,MidSeptember,MidSeptember,MidOctober,December,1
210,225,0,3,0,0,0,,0,2,1,0,4,3,0,1,1,1,107,9,IL,LateJanuary,MidSeptember,MidOctober,0vember,1
210,225,0,4,0,0,0,,0,1,2,0,7,7,0,1,1,1,19,7,LA,EarlyOctober,LateDecember,LateOctober,0vember,1
210,225,0,,0,0,1,,0,2,4,0,11,0,0,1,1,1,128,18,TX,Mid0vember,LateJanuary,LateOctober,0vember,1
210,225,0,4,1,0,0,,0,1,0,0,5,3,0,1,1,1,25,7,MN,MidSeptember,LateJanuary,PromptlyafterOct1(MSPErelease),0vember,1
210,225,0,4,3,0,0,,0,4,3,1,11,3,0,1,1,1,32,11,PA,MidSeptember,MidSeptember,MidOctober,December,1
210,225,0,4,4,0,0,,0,0,0,0,2,0,1,1,1,1,27,2,OH,LateOctober,LateJanuary,Early0vember,December,1
210,225,0,2,2,1,0,,0,3,3,0,8,3,0,1,1,1,12,8,,EarlyOctober,LateJanuary,LateOctober,0vember,1
210,225,0,4,2,1,0,,0,2,1,0,4,2,0,1,1,1,17,11,MA,MidSeptember,MidSeptember,LateOctober,December,1
210,225,0,4,2,1,0,Other,0,1,3,3,3,2,0,1,1,1,19,10,NY,MidSeptember,MidDecember,MidOctober,October,1
210,230,0,4,0,0,0,,0,3,9,2,9,3,0,1,1,1,95,11,TX,MidJanuary,LateDecember,LateSeptember(beforeMSPErelease),0vember,0
210,230,0,4,1,1,0,,0,0,0,0,7,2,0,1,1,1,55,13,MO,MidSeptember,EarlyOctober,EarlyOctober,December,1
210,230,0,,1,1,1,,0,4,2,0,11,9,0,1,1,1,37,9,,MidSeptember,LateJanuary,EarlyOctober,0vember,1
210,230,0,,2,1,0,,0,6,3,1,11,3,0,1,1,1,73,18,KY,MidSeptember,MidSeptember,MidOctober,0vember,1
210,230,,2,2,1,0,,0,4,0,1,2,0,0,1,1,,60,7,CT,,MidSeptember,LateOctober,December,1
210,230,0,3,3,1,1,,0,1,1,0,8,2,0,1,1,1,24,9,,MidSeptember,Late0vember,EarlyOctober,December,1
210,235,0,4,3,0,0,,1,1,0,3,4,0,0,1,1,1,28,7,,LateOctober,EarlyJanuary,LateOctober,January,1
210,235,0,4,0,1,0,MSc,0,7,0,0,4,4,1,1,1,2,94,11,VA,MidSeptember,EarlyDecember,Late0vember,January,1
210,235,0,3,1,1,0,,,4,2,1,4,4,0,1,1,1,32,15,,LateSeptember,LateJanuary,LateSeptember(beforeMSPErelease),0vember,1
210,235,0,3,3,1,1,,0,11,11,2,7,6,0,1,1,1,31,15,FL,MidSeptember,MidSeptember,EarlyOctober,January,1
210,235,1,1,4,1,0,,0,1,1,1,9,3,0,1,1,1,33,11,,MidSeptember,EarlyOctober,PromptlyafterOct1(MSPErelease),0vember,1
210,240,0,3,2,,0,,0,1,0,0,6,3,0,1,1,1,19,5,,LateSeptember,EarlyOctober,PromptlyafterOct1(MSPErelease),October,1
210,240,0,,0,0,0,Other,0,3,1,1,11,5,0,1,1,1,43,13,AZ,MidSeptember,MidSeptember,LateSeptember(beforeMSPErelease),0vember,1
210,240,0,4,1,1,0,,0,4,0,1,7,3,0,1,1,1,24,9,TX,MidSeptember,MidOctober,MidOctober,,0
210,240,0,4,6,1,1,,0,2,9,0,3,2,0,1,1,1,129,14,KY,MidSeptember,EarlyOctober,EarlyOctober,December,1
210,245,0,,1,1,0,,0,1,0,0,5,3,0,1,1,1,19,8,MI,MidSeptember,MidOctober,PromptlyafterOct1(MSPErelease),0vember,1
210,245,0,,3,1,0,,1,3,3,1,6,3,0,1,1,1,26,7,KY,MidSeptember,LateSeptember,EarlyOctober,0vember,1
210,250,0,4,3,1,0,MPH,0,11,11,1,11,11,0,1,1,1,58,18,LA,MidSeptember,LateDecember,LateOctober,0vember,1
210,255,0,,2,0,0,,0,3,2,0,3,3,0,2,1,1,47,9,OH,MidSeptember,MidSeptember,MidOctober,0vember,1
215,210,0,,2,1,0,,0,0,0,0,2,2,0,1,1,1,33,8,TX,MidSeptember,EarlyDecember,EarlyOctober,0vember,1
215,215,0,4,0,0,0,MSc,0,1,0,1,3,1,1,1,1,1,10,8,TX,LateDecember,LateJanuary,PromptlyafterOct1(MSPErelease),0vember,1
215,215,0,2,2,0,1,,0,1,2,1,11,8,0,1,1,2,12,7,LA,MidSeptember,MidSeptember,MidOctober,,1
215,215,0,,1,1,0,MEd,0,2,0,0,11,3,0,1,1,1,24,12,TX,EarlyOctober,MidOctober,MidOctober,0vember,1
215,215,0,,1,1,1,,1,3,2,0,6,5,0,1,1,1,11,14,NY,MidOctober,EarlyJanuary,LateOctober,0vember,1
215,220,0,3,0,0,0,,0,1,0,1,7,4,1,2,1,1,55,3,TX,EarlyDecember,LateJanuary,EarlyOctober,0vember,1
215,220,0,,0,0,0,,0,0,0,0,2,2,0,1,1,1,32,7,TX,Early0vember,LateDecember,LateOctober,0vember,1
215,220,0,,1,0,0,,0,3,3,1,4,2,0,1,1,1,97,9,,MidSeptember,LateJanuary,Mid0vember,January,0
215,220,0,3,2,0,0,MSc,0,4,1,3,2,0,0,1,1,1,12,14,,MidSeptember,EarlyDecember,LateSeptember(beforeMSPErelease),0vember,0
215,220,0,3,1,1,0,,0,0,2,0,2,2,0,1,1,1,7,3,VA,MidSeptember,MidSeptember,EarlyOctober,December,1
215,220,0,4,2,1,0,,0,1,1,1,10,11,1,1,1,1,33,8,NY,MidSeptember,MidSeptember,Late0vember,December,0
215,220,0,,4,1,0,,0,2,3,1,4,2,0,1,1,1,49,16,,MidSeptember,MidSeptember,LateSeptember(beforeMSPErelease),December,1
215,225,0,,2,,1,,,6,11,,,,0,1,,,17,13,TX,MidSeptember,MidSeptember,LateSeptember(beforeMSPErelease),,1
215,225,0,3,0,,0,,0,2,0,0,6,0,0,1,1,1,21,9,KY,MidSeptember,Early0vember,EarlyOctober,0vember,1
215,225,0,4,0,0,0,,0,2,2,0,9,4,0,1,1,1,13,10,MI,MidSeptember,MidSeptember,PromptlyafterOct1(MSPErelease),December,1
215,225,0,4,0,0,0,,0,2,2,0,9,4,0,1,1,1,13,10,MI,MidSeptember,MidSeptember,PromptlyafterOct1(MSPErelease),December,1
215,225,0,,0,0,0,,0,3,5,2,6,11,0,1,1,1,25,13,TX,MidSeptember,EarlyJanuary,PromptlyafterOct1(MSPErelease),0vember,1
215,225,0,3,1,0,0,MSc,0,3,5,2,2,1,0,1,1,1,31,12,TX,MidSeptember,MidSeptember,EarlyOctober,0vember,1
215,225,0,3,1,0,1,,0,4,2,1,8,8,0,1,1,1,12,9,,MidSeptember,EarlyOctober,MidOctober,December,1
215,225,0,,2,0,0,,0,3,2,2,7,2,0,1,1,1,68,10,DC,MidSeptember,LateJanuary,EarlyOctober,December,1
215,225,0,,0,1,0,MBA,0,6,3,6,1,3,0,1,1,1,16,8,TN,MidSeptember,MidSeptember,EarlyOctober,0vember,1
215,225,0,3,1,1,0,,0,3,2,1,9,,0,1,1,1,7,9,IL,EarlyDecember,EarlyDecember,LateSeptember(beforeMSPErelease),December,0
215,225,0,3,1,1,0,,0,5,4,3,11,5,1,1,1,1,52,10,KY,MidOctober,LateJanuary,PromptlyafterOct1(MSPErelease),0vember,0
215,225,0,3,2,1,0,Other,0,2,11,2,6,3,0,2,1,1,45,10,TX,MidSeptember,MidSeptember,EarlyOctober,December,1
215,225,0,4,3,1,1,,,1,2,1,6,6,1,1,1,1,22,12,TX,MidSeptember,LateSeptember,EarlyOctober,0vember,1
215,230,0,,0,0,0,,0,2,3,0,7,3,0,1,1,1,42,10,NE,MidSeptember,EarlyOctober,MidOctober,0vember,1
215,230,0,3,1,0,0,,0,6,8,4,10,0,1,1,1,1,2,16,VA,MidSeptember,MidSeptember,EarlyOctober,December,0
215,230,0,,1,1,0,,0,5,1,0,5,0,0,1,1,1,24,7,,MidSeptember,LateJanuary,MidOctober,December,1
215,230,0,4,2,1,0,MPH,0,7,9,2,9,5,0,1,1,1,53,11,TX,MidSeptember,MidSeptember,PromptlyafterOct1(MSPErelease),0vember,1
215,230,0,,2,1,0,,0,1,1,0,6,4,0,1,1,1,26,7,TN,MidSeptember,MidSeptember,LateOctober,0vember,1
215,230,,2,3,1,0,,0,5,3,0,6,11,0,1,1,1,12,10,DC,MidSeptember,MidSeptember,MidOctober,December,0
215,230,0,3,8,1,0,Other,0,1,0,,8,4,0,1,1,1,23,6,LA,MidSeptember,MidJanuary,PromptlyafterOct1(MSPErelease),0vember,1
215,235,0,,0,0,0,,1,8,8,2,5,4,0,1,1,1,59,15,MN,Mid0vember,EarlyDecember,PromptlyafterOct1(MSPErelease),January,1
215,235,1,4,0,0,0,,0,0,0,0,1,0,0,2,1,1,41,6,,MidSeptember,MidSeptember,PromptlyafterOct1(MSPErelease),0vember,1
215,235,0,3,1,0,0,MSc,0,6,6,0,4,4,0,1,1,1,32,11,NY,LateSeptember,EarlyOctober,EarlyOctober,December,1
215,235,0,3,2,0,0,,0,2,2,1,3,1,0,1,1,1,12,7,IL,MidSeptember,MidSeptember,EarlyOctober,0vember,1
215,235,0,,1,1,0,MSc,0,8,3,2,11,2,0,1,1,1,20,5,FL,MidSeptember,MidDecember,LateOctober,0vember,1
215,235,0,3,2,1,0,,0,7,7,2,5,3,0,1,1,1,27,12,NY,LateSeptember,LateSeptember,MidOctober,0vember,1
215,235,0,,2,1,0,,0,7,2,1,6,1,0,1,1,1,40,15,,MidSeptember,MidJanuary,EarlyOctober,December,1
215,235,0,,3,1,0,,0,4,0,1,2,1,1,1,1,1,29,8,,LateSeptember,EarlyOctober,LateOctober,0vember,1
215,235,0,2,5,1,0,,0,5,5,3,3,3,1,1,1,1,20,12,NY,MidSeptember,MidOctober,MidOctober,0vember,1
215,240,0,,3,,0,,,3,3,,,,0,1,,,38,15,TX,MidSeptember,MidSeptember,EarlyOctober,,1
215,240,0,3,0,,0,,0,0,0,0,7,2,0,1,1,1,16,14,KY,MidSeptember,Mid0vember,LateSeptember(beforeMSPErelease),0vember,1
215,240,0,4,0,0,0,,0,1,1,0,5,2,0,1,1,1,26,11,WI,MidSeptember,LateJanuary,PromptlyafterOct1(MSPErelease),December,1
215,240,0,,0,0,0,,0,4,0,0,4,0,0,1,1,1,46,10,,MidOctober,LateJanuary,MidOctober,0vember,1
215,245,0,3,4,,1,,,1,0,,,,0,2,,,56,9,TX,LateSeptember,MidSeptember,Early0vember,,1
215,245,0,4,0,0,0,,0,0,0,0,11,5,0,1,1,1,41,5,NY,MidSeptember,MidSeptember,MidOctober,December,1
215,245,,,0,0,1,,0,2,2,0,6,7,0,1,1,1,29,11,AZ,LateSeptember,MidSeptember,MidOctober,0vember,1
215,245,0,,2,0,0,,0,5,3,1,4,3,0,1,1,1,29,12,,MidSeptember,LateJanuary,MidOctober,December,1
215,245,0,,2,0,0,,0,5,3,1,4,3,0,1,1,1,29,12,,MidSeptember,LateJanuary,MidOctober,December,1
215,245,0,3,4,0,0,,0,5,5,3,5,3,1,1,1,1,26,10,,MidSeptember,MidSeptember,PromptlyafterOct1(MSPErelease),0vember,1
215,245,0,2,1,1,0,,0,4,2,2,6,3,0,1,1,1,27,11,TX,MidSeptember,MidOctober,PromptlyafterOct1(MSPErelease),0vember,1
215,245,0,3,3,1,0,,0,2,2,1,2,2,0,1,1,1,30,9,IL,MidSeptember,EarlyOctober,LateOctober,December,1
215,245,0,,3,1,1,,0,4,0,1,11,7,0,1,1,1,36,19,AZ,MidSeptember,MidSeptember,EarlyOctober,December,1
215,245,0,,4,1,1,,0,2,4,1,11,3,0,1,1,1,46,14,PA,MidSeptember,Early0vember,LateSeptember(beforeMSPErelease),December,1
215,245,0,,6,1,0,,0,3,2,2,8,1,0,1,1,1,32,10,WI,MidSeptember,MidSeptember,MidOctober,December,1
215,250,0,3,4,1,1,,0,1,0,0,11,5,1,1,1,1,35,9,TX,MidSeptember,EarlyOctober,MidOctober,0vember,1
215,255,0,2,3,0,0,,0,4,1,0,1,0,0,1,1,1,72,9,,LateOctober,LateOctober,EarlyOctober,December,1
215,260,0,3,0,0,0,,0,3,7,2,8,3,0,1,1,1,52,13,TX,MidSeptember,MidSeptember,LateSeptember(beforeMSPErelease),January,1
215,265,0,1,5,1,0,,0,5,5,4,11,7,0,1,1,1,20,9,NC,MidSeptember,MidSeptember,MidOctober,December,1
220,220,0,2,2,,0,,,1,1,,,,0,1,,,32,14,TX,MidSeptember,MidOctober,LateOctober,,1
220,220,0,4,0,0,0,,0,1,1,0,4,0,0,1,1,,1,8,LA,EarlyOctober,,EarlyOctober,0vember,0
220,220,0,,0,0,0,,0,2,9,0,7,3,0,1,1,1,13,15,NJ,MidSeptember,MidSeptember,LateOctober,0vember,0
220,220,0,4,2,0,0,,0,4,3,1,11,1,0,2,1,1,48,5,,Early0vember,MidJanuary,MidOctober,December,1
220,220,0,,1,1,0,MBA,0,2,11,4,11,11,1,1,1,1,29,14,,MidSeptember,MidSeptember,PromptlyafterOct1(MSPErelease),0vember,1
220,220,0,,2,1,0,Other,0,1,0,0,2,1,0,1,1,1,7,3,VA,MidSeptember,MidSeptember,EarlyOctober,October,1
220,220,0,3,5,1,0,Other,0,0,0,0,0,0,0,1,1,2,13,5,NC,EarlyOctober,LateJanuary,Mid0vember,0vember,1
220,225,0,2,0,0,0,,0,3,8,1,9,3,0,1,1,1,26,10,,MidSeptember,MidDecember,PromptlyafterOct1(MSPErelease),December,1
220,225,,2,0,0,0,,0,4,0,3,6,3,0,1,1,1,56,1,MI,LateJanuary,LateJanuary,Late0vember,February,1
220,225,0,3,0,1,1,,0,3,11,1,4,5,1,1,1,1,59,19,FL,MidSeptember,MidSeptember,MidOctober,December,1
220,230,0,2,1,,0,,,4,4,,,,0,1,,,48,17,TX,MidSeptember,MidSeptember,EarlyOctober,,1
220,230,0,3,1,,1,,,5,8,,,,0,1,,,35,21,TX,MidSeptember,,EarlyOctober,,1
220,230,0,3,0,0,0,,0,3,1,0,11,,0,1,1,1,56,13,TX,MidSeptember,MidOctober,MidOctober,0vember,1
220,230,0,,0,0,0,MSc,0,1,0,0,4,3,0,1,1,1,43,15,DC,MidSeptember,EarlyJanuary,EarlyOctober,0vember,1
220,230,0,,1,0,0,,0,2,1,5,3,1,0,1,1,1,28,7,,LateJanuary,LateJanuary,,0vember,1
220,230,,2,1,0,0,,0,0,4,3,11,11,0,1,1,1,33,14,MI,MidSeptember,MidSeptember,LateSeptember(beforeMSPErelease),0vember,1
220,230,0,,0,1,1,MPH,1,5,4,3,4,4,0,1,1,1,42,10,FL,MidSeptember,MidSeptember,Late0vember,December,1
220,230,0,3,1,1,0,,0,4,3,1,9,4,0,1,1,1,72,11,AL,MidSeptember,MidSeptember,LateSeptember(beforeMSPErelease),October,1
220,230,0,4,1,1,0,,0,0,0,0,4,0,0,1,1,2,25,9,TX,MidSeptember,,LateOctober,December,1
220,230,0,4,1,1,0,,0,2,6,4,3,0,1,2,1,1,77,12,NC,MidOctober,MidOctober,PromptlyafterOct1(MSPErelease),January,0
220,230,0,,2,1,0,,0,3,6,3,6,0,0,3,1,1,205,10,IL,MidSeptember,EarlyOctober,MidOctober,0vember,1
220,230,0,,2,1,0,MPH,0,5,4,1,6,6,0,1,1,1,30,15,,MidSeptember,EarlyOctober,MidOctober,0vember,1
220,235,0,4,1,,0,,,0,0,,,,0,1,,,10,0,TX,EarlyOctober,EarlyOctober,,,1
220,235,0,3,0,0,0,,0,4,0,2,3,3,0,1,1,1,20,12,MA,MidSeptember,EarlyOctober,MidOctober,0vember,1
220,235,0,4,0,0,0,,0,2,0,1,10,1,0,1,1,1,40,12,TX,LateOctober,LateOctober,LateOctober,0vember,1
220,235,0,4,0,0,0,MBA,0,1,1,0,4,1,0,1,1,1,48,8,,LateOctober,EarlyDecember,MidOctober,0vember,1
220,235,0,,0,1,0,,0,0,1,0,10,5,1,1,1,1,34,14,OH,MidSeptember,MidDecember,EarlyOctober,0vember,1
220,235,0,,1,1,0,PhD,1,6,8,5,0,0,0,1,1,1,18,6,,MidDecember,LateJanuary,EarlyOctober,October,1
220,235,0,,2,1,0,,0,4,11,1,11,2,0,1,1,1,25,11,FL,MidSeptember,MidSeptember,PromptlyafterOct1(MSPErelease),0vember,1
220,235,0,3,3,1,0,,0,3,1,1,0,2,0,1,1,1,35,22,,MidSeptember,LateSeptember,PromptlyafterOct1(MSPErelease),0vember,1
220,235,0,4,3,1,0,,0,3,2,1,3,0,0,1,1,1,40,17,MO,MidSeptember,EarlyJanuary,MidOctober,0vember,1
220,240,0,,5,,0,,,1,7,,,,0,1,,,32,14,TX,MidSeptember,LateSeptember,EarlyOctober,,1
220,240,0,4,0,0,0,,0,2,2,0,2,2,0,1,1,1,46,15,IL,MidSeptember,LateDecember,LateSeptember(beforeMSPErelease),October,1
220,240,0,4,1,0,0,,0,1,0,0,8,3,0,1,1,1,42,14,NY,MidSeptember,EarlyDecember,PromptlyafterOct1(MSPErelease),December,1
220,240,0,3,3,0,0,Other,0,0,2,1,6,3,0,1,1,1,18,8,PA,MidSeptember,MidSeptember,MidOctober,December,1
220,240,0,4,1,1,0,Other,0,6,3,4,7,3,0,1,1,,23,12,NY,EarlyOctober,,LateOctober,December,1
220,240,0,4,2,1,0,,0,3,0,0,4,2,1,1,1,1,41,14,,MidSeptember,MidSeptember,MidOctober,0vember,0
220,240,0,2,3,1,0,,0,4,8,3,6,3,0,1,1,1,33,15,VA,MidSeptember,MidSeptember,EarlyOctober,0vember,1
220,240,0,,4,1,0,,0,1,1,0,10,4,1,1,1,,17,6,LA,MidSeptember,,EarlyOctober,0vember,1
220,240,0,2,6,1,0,,0,2,0,1,4,4,0,1,1,1,41,16,TX,MidSeptember,MidSeptember,Early0vember,December,1
220,240,0,,7,1,1,,0,0,3,0,8,7,0,1,1,1,31,13,IL,LateSeptember,LateSeptember,MidOctober,0vember,1
220,245,0,3,0,0,0,,0,2,2,2,11,3,0,1,1,1,40,13,OH,MidSeptember,MidSeptember,MidOctober,0vember,1
220,245,0,3,0,0,0,,0,3,3,0,8,0,0,1,1,1,34,11,WA,MidSeptember,MidSeptember,EarlyOctober,0vember,1
220,245,0,1,2,0,0,,0,5,2,1,2,3,0,1,1,1,66,12,,MidSeptember,MidSeptember,Early0vember,January,1
220,245,0,,1,1,0,,0,3,7,0,11,6,0,1,1,1,20,5,NE,LateSeptember,LateSeptember,EarlyOctober,0vember,1
220,245,0,,1,1,1,,0,3,4,1,7,3,0,1,1,1,13,3,FL,MidSeptember,LateJanuary,LateOctober,December,0
220,245,0,2,3,1,0,,0,2,2,0,7,0,1,1,1,2,23,18,TX,MidSeptember,MidJanuary,LateSeptember(beforeMSPErelease),0vember,1
220,245,0,,3,1,1,,0,4,3,0,11,9,0,1,1,1,31,12,VA,MidSeptember,EarlyJanuary,PromptlyafterOct1(MSPErelease),0vember,1
220,245,0,,5,1,0,,0,2,1,0,11,10,0,1,1,1,41,18,MI,MidSeptember,MidOctober,EarlyOctober,December,1
220,245,0,2,6,1,0,,0,4,4,2,4,2,0,1,1,1,6,7,TX,MidSeptember,LateDecember,LateSeptember(beforeMSPErelease),October,1
220,250,0,3,1,0,0,,0,5,7,0,7,5,0,1,1,1,38,15,AL,MidSeptember,MidSeptember,PromptlyafterOct1(MSPErelease),December,1
220,250,0,3,4,0,0,,0,5,0,4,4,2,0,1,1,1,40,10,TX,MidSeptember,EarlyOctober,EarlyOctober,0vember,1
220,250,0,3,2,1,0,,0,4,3,1,9,4,0,1,1,1,28,10,NY,MidSeptember,MidJanuary,EarlyOctober,0vember,1
220,250,0,,2,1,0,,0,4,0,0,11,11,0,1,1,1,34,13,,MidSeptember,MidDecember,MidOctober,0vember,0
220,255,0,1,2,1,0,,0,0,0,0,11,1,0,1,1,1,18,10,SC,MidSeptember,MidSeptember,EarlyOctober,December,1
225,210,0,2,2,0,0,,0,0,0,1,2,2,0,1,1,2,16,8,MN,MidSeptember,AfterRankListSubmission,MidOctober,0vember,1
225,215,0,2,1,1,0,MBA,0,3,3,2,4,3,0,1,1,1,6,6,KY,MidOctober,EarlyDecember,EarlyOctober,December,1
225,215,0,2,4,1,0,,0,2,1,1,4,1,0,2,1,1,60,5,IL,MidSeptember,EarlyDecember,LateSeptember(beforeMSPErelease),December,1
225,220,0,,0,,0,,,2,6,,,,0,1,,,1,12,TX,MidSeptember,LateJanuary,MidOctober,,1
225,220,0,3,0,0,0,,1,3,3,0,11,4,0,1,1,1,25,9,,MidSeptember,MidSeptember,MidOctober,October,1
225,220,0,3,0,0,0,MSc,0,3,3,1,6,1,1,1,1,1,50,3,LA,Early0vember,LateDecember,EarlyOctober,0vember,1
225,220,0,3,2,1,1,MDiv,0,3,2,2,9,5,0,1,1,1,35,9,IL,MidSeptember,EarlyJanuary,Mid0vember,December,1
225,225,0,2,2,1,0,Other,0,2,2,0,9,3,0,1,1,1,24,11,TX,MidSeptember,MidSeptember,EarlyOctober,0vember,1
225,225,0,,2,1,0,,0,0,2,0,11,5,0,1,1,1,65,12,,MidSeptember,LateOctober,EarlyOctober,December,1
225,230,0,4,0,,0,Other,0,0,4,0,11,2,0,1,1,1,28,14,TX,MidSeptember,MidSeptember,EarlyOctober,0vember,1
225,230,0,4,1,0,0,MBA,0,1,1,1,1,1,0,1,1,1,11,5,PA,MidSeptember,MidSeptember,LateOctober,0vember,1
225,230,0,4,1,0,0,Other,0,1,0,0,5,5,0,1,1,1,46,6,VA,MidSeptember,MidSeptember,PromptlyafterOct1(MSPErelease),0vember,0
225,230,0,,1,0,0,,0,0,0,0,11,5,0,1,1,1,23,11,,MidSeptember,MidSeptember,LateSeptember(beforeMSPErelease),0vember,1
225,230,0,1,5,0,0,MSc,0,3,6,1,4,4,0,1,1,1,35,10,TX,MidSeptember,MidSeptember,LateSeptember(beforeMSPErelease),0vember,1
225,230,0,3,6,0,0,,0,0,0,0,4,0,0,,1,1,56,9,,LateDecember,LateDecember,PromptlyafterOct1(MSPErelease),October,1
225,230,0,4,1,1,0,,0,3,1,5,5,0,0,1,1,1,36,6,MO,MidSeptember,MidDecember,MidOctober,0vember,1
225,230,0,3,2,1,0,,0,3,,9,5,3,0,1,1,1,29,14,VA,MidSeptember,MidSeptember,MidOctober,December,1
225,235,0,3,2,,0,,,1,0,,,,0,1,,,37,13,TX,MidSeptember,MidSeptember,EarlyOctober,,0
225,235,0,3,2,,0,,,3,2,,,,0,1,,,40,17,TX,MidOctober,MidDecember,MidOctober,,1
225,235,0,4,0,0,0,,0,3,2,1,5,2,1,1,1,1,37,9,TX,MidSeptember,LateJanuary,LateSeptember(beforeMSPErelease),0vember,1
225,235,0,,0,0,0,,0,1,6,1,11,3,0,1,1,1,26,9,TX,MidSeptember,MidJanuary,MidOctober,0vember,0
225,235,0,,0,0,0,,0,2,7,5,7,2,0,1,1,1,29,9,TX,MidSeptember,MidJanuary,LateSeptember(beforeMSPErelease),0vember,0
225,235,0,4,1,0,0,,0,3,3,2,,,0,1,1,1,29,9,DC,MidSeptember,LateJanuary,EarlyOctober,December,1
225,235,0,3,0,1,0,MSc,0,3,5,2,6,3,0,1,1,1,41,13,NY,MidSeptember,EarlyOctober,PromptlyafterOct1(MSPErelease),December,1
225,235,0,4,1,1,0,,0,2,4,1,9,6,0,1,1,1,62,13,WI,Early0vember,LateJanuary,Early0vember,January,1
225,235,0,4,2,1,0,,0,3,2,0,4,0,0,,1,1,29,10,TX,MidSeptember,EarlyOctober,EarlyOctober,December,1
225,235,0,,2,1,0,,0,1,3,1,7,3,0,1,1,1,20,6,,MidSeptember,MidOctober,EarlyOctober,0vember,1
225,235,0,3,2,1,1,,0,1,0,0,7,3,0,1,1,1,9,13,MO,,,EarlyOctober,0vember,1
225,235,0,3,4,1,0,,0,2,5,0,11,11,0,1,1,1,31,11,TX,LateSeptember,LateSeptember,EarlyOctober,0vember,1
225,235,0,3,4,1,0,,1,9,11,11,7,8,0,1,1,1,21,9,,MidSeptember,MidDecember,EarlyOctober,0vember,1
225,235,0,,4,1,0,,0,4,2,1,6,3,0,1,1,1,30,9,WI,LateDecember,LateJanuary,LateSeptember(beforeMSPErelease),December,0
225,235,0,,4,1,0,,1,8,3,3,6,6,0,1,1,1,34,8,MN,MidSeptember,MidSeptember,Early0vember,January,1
225,235,0,2,4,1,,,0,4,5,4,4,3,1,1,1,1,22,14,CA,MidSeptember,EarlyOctober,PromptlyafterOct1(MSPErelease),0vember,1
225,235,1,2,4,1,1,,0,5,3,2,8,11,0,1,1,1,17,8,,MidSeptember,MidSeptember,PromptlyafterOct1(MSPErelease),October,1
225,235,0,2,8,1,0,,0,1,0,1,5,4,0,1,1,1,32,11,PA,MidSeptember,Early0vember,PromptlyafterOct1(MSPErelease),December,1
225,240,0,,0,,1,,0,0,3,0,3,3,0,1,1,1,29,8,TX,MidSeptember,MidOctober,LateSeptember(beforeMSPErelease),October,1
225,240,0,3,0,0,1,,0,3,1,0,8,6,0,1,2,1,40,10,VA,Early0vember,MidSeptember,EarlyOctober,January,0
225,240,0,3,1,0,0,,0,0,0,0,6,1,0,1,1,1,46,11,TX,MidSeptember,MidDecember,EarlyOctober,October,1
225,240,0,,1,0,0,Other,0,1,1,0,2,0,0,1,1,1,17,9,TX,LateSeptember,EarlyDecember,PromptlyafterOct1(MSPErelease),December,1
225,240,0,2,2,0,1,,0,0,5,0,7,2,0,1,1,1,30,13,TX,MidSeptember,MidSeptember,EarlyOctober,0vember,1
225,240,0,3,1,1,0,,0,3,3,1,2,2,0,1,1,1,21,9,NY,EarlyJanuary,EarlyJanuary,Early0vember,December,0
225,240,0,,1,1,0,PhD,1,5,7,5,9,4,0,1,1,1,35,17,OH,EarlyOctober,EarlyOctober,PromptlyafterOct1(MSPErelease),0vember,1
225,240,0,,2,1,0,,0,6,6,6,5,3,0,1,1,1,39,13,,MidSeptember,MidDecember,EarlyOctober,December,1
225,240,0,2,3,1,0,Other,0,7,4,3,7,5,0,1,1,1,62,17,IL,MidSeptember,MidSeptember,PromptlyafterOct1(MSPErelease),0vember,1
225,240,0,3,3,1,0,,0,2,5,0,4,2,0,1,1,1,45,15,IL,MidSeptember,MidSeptember,LateOctober,0vember,1
225,240,0,,3,1,0,,0,1,0,0,4,1,0,1,1,1,31,15,MN,MidSeptember,LateJanuary,EarlyOctober,0vember,1
225,240,0,,4,1,1,Other,0,3,8,2,8,5,1,1,1,1,23,16,MI,MidSeptember,MidSeptember,EarlyOctober,0vember,1
225,240,1,1,5,1,0,,0,3,2,9,7,3,0,1,1,1,21,12,PA,MidSeptember,MidDecember,PromptlyafterOct1(MSPErelease),0vember,1
225,245,0,,1,,0,,,1,0,,,,0,1,,,21,6,TX,MidSeptember,EarlyJanuary,MidOctober,,1
225,245,0,3,0,0,0,,0,4,4,2,6,6,0,1,1,1,26,12,TX,EarlyOctober,EarlyJanuary,EarlyOctober,0vember,0
225,245,0,4,0,0,0,,0,6,5,2,8,7,0,1,1,1,19,12,OH,MidSeptember,MidSeptember,MidOctober,0vember,1
225,245,0,3,3,0,0,,0,0,3,0,8,5,0,1,1,1,16,7,,MidSeptember,LateOctober,EarlyOctober,0vember,1
225,245,0,4,1,1,0,,0,1,0,0,3,2,0,1,1,1,5,10,MO,MidSeptember,MidJanuary,EarlyOctober,0vember,1
225,245,0,,1,1,1,,0,6,6,3,11,9,0,,1,1,28,11,,MidSeptember,MidSeptember,PromptlyafterOct1(MSPErelease),0vember,1
225,245,0,1,2,1,0,,0,5,8,3,3,3,0,1,1,1,16,0,VA,MidSeptember,Late0vember,Early0vember,0vember,1
225,245,0,1,4,1,0,,0,3,2,1,10,6,0,1,1,1,20,13,,MidSeptember,MidDecember,LateSeptember(beforeMSPErelease),0vember,1
225,245,0,2,4,1,0,,0,1,0,0,2,1,0,,1,1,17,6,,MidSeptember,MidDecember,EarlyOctober,December,1
225,245,0,2,5,1,0,Other,0,3,2,0,10,4,0,1,1,1,17,7,IL,MidSeptember,MidOctober,MidOctober,0vember,1
225,250,0,,2,1,0,,0,1,3,0,8,1,0,1,1,1,27,14,MN,MidSeptember,MidJanuary,LateSeptember(beforeMSPErelease),0vember,1
225,250,0,,2,1,0,,0,5,5,1,11,5,0,1,1,1,38,16,PA,MidSeptember,MidSeptember,EarlyOctober,0vember,1
225,250,0,,2,1,0,Other,0,11,6,6,6,4,0,1,1,1,31,13,MI,MidSeptember,MidSeptember,LateSeptember(beforeMSPErelease),0vember,1
225,250,0,1,4,1,0,,0,3,3,,7,5,0,1,1,1,33,12,WA,MidSeptember,LateSeptember,EarlyOctober,0vember,1
225,250,0,2,4,1,0,,0,3,3,1,8,3,0,1,1,1,24,10,,MidSeptember,Early0vember,MidOctober,December,1
225,250,0,3,5,1,0,,0,4,4,4,11,11,0,1,1,1,43,15,TX,MidSeptember,MidSeptember,EarlyOctober,0vember,1
225,255,0,3,3,,0,,,4,3,,,,0,1,,,20,10,TX,MidSeptember,LateSeptember,MidOctober,,1
225,255,0,3,2,1,1,,0,0,,0,,,0,1,1,1,61,15,TX,MidSeptember,MidSeptember,LateSeptember(beforeMSPErelease),0vember,1
225,255,0,3,4,1,0,,0,4,4,0,4,4,0,1,1,1,59,15,TX,MidSeptember,MidSeptember,EarlyOctober,0vember,1
225,255,0,,4,1,0,,0,1,1,0,7,2,0,1,1,1,64,20,IL,LateSeptember,LateOctober,MidOctober,December,1
225,255,0,,4,1,0,,0,3,3,10,3,4,0,1,1,1,33,12,TX,MidSeptember,LateJanuary,EarlyOctober,0vember,1
225,260,0,3,1,0,1,,0,3,7,2,8,3,0,1,1,1,30,12,WA,MidSeptember,MidSeptember,,December,1
225,265,1,,7,1,0,,0,1,2,0,5,1,0,1,1,1,30,15,DC,MidSeptember,EarlyDecember,LateSeptember(beforeMSPErelease),December,1
230,215,0,2,1,1,0,PhD,1,2,3,2,5,1,0,1,1,1,44,13,WI,MidSeptember,MidJanuary,EarlyOctober,December,1
230,220,0,4,1,0,0,,0,1,2,1,4,3,0,1,1,1,40,9,OH,MidSeptember,MidSeptember,EarlyOctober,0vember,1
230,220,0,2,2,1,0,Other,0,3,2,0,5,1,0,1,1,1,27,8,MI,MidSeptember,MidSeptember,EarlyOctober,0vember,1
230,220,0,2,3,1,0,,0,0,4,2,9,3,0,1,1,1,40,7,,EarlyDecember,EarlyDecember,PromptlyafterOct1(MSPErelease),December,1
230,225,0,3,0,0,0,,0,3,0,1,2,0,0,1,1,1,25,9,VA,MidSeptember,MidSeptember,MidOctober,0vember,0
230,225,0,3,1,0,0,,0,5,1,7,9,5,0,1,1,1,34,8,TX,Mid0vember,MidJanuary,,,0
230,225,0,3,3,0,0,Other,0,1,0,0,7,4,0,1,1,1,83,12,IL,LateDecember,LateJanuary,EarlyOctober,0vember,1
230,230,0,4,0,0,0,,0,2,2,0,2,5,0,1,1,1,21,7,MO,MidSeptember,MidDecember,PromptlyafterOct1(MSPErelease),December,1
230,230,0,3,1,0,0,,0,2,0,1,5,2,1,1,1,1,12,16,TX,MidSeptember,MidSeptember,LateSeptember(beforeMSPErelease),January,1
230,230,0,,1,0,0,,0,2,3,1,11,3,0,1,1,1,76,18,NE,MidSeptember,MidSeptember,LateOctober,0vember,1
230,230,0,3,1,1,0,,0,6,2,2,6,4,0,1,1,1,24,6,MA,MidSeptember,MidSeptember,EarlyOctober,0vember,1
230,230,0,3,2,1,0,,0,2,2,0,2,3,0,1,1,1,42,8,,MidSeptember,LateJanuary,PromptlyafterOct1(MSPErelease),December,1
230,230,1,1,7,1,0,,0,3,3,0,11,11,0,1,1,1,19,9,,MidSeptember,MidSeptember,PromptlyafterOct1(MSPErelease),0vember,1
230,230,,,8,1,,,1,3,1,2,7,2,0,1,1,1,20,12,CT,MidSeptember,MidSeptember,PromptlyafterOct1(MSPErelease),0vember,1
230,235,0,3,0,,0,MSc,0,5,10,4,4,3,0,1,1,1,26,9,FL,MidSeptember,LateJanuary,LateSeptember(beforeMSPErelease),0vember,1
230,235,0,3,1,0,0,,0,3,3,1,5,0,0,1,1,1,13,9,IL,EarlyDecember,EarlyDecember,PromptlyafterOct1(MSPErelease),0vember,1
230,235,0,4,1,0,0,MSc,0,2,6,1,5,1,0,1,1,2,177,3,VA,EarlyOctober,EarlyJanuary,MidOctober,December,0
230,235,0,,1,0,0,MSc,0,2,1,0,10,3,0,1,1,1,42,17,TX,EarlyOctober,EarlyDecember,LateOctober,December,0
230,235,0,,2,0,0,,0,3,3,1,3,4,0,1,1,1,59,13,PA,EarlyDecember,LateDecember,EarlyOctober,0vember,1
230,235,0,,4,0,0,,0,3,7,2,5,2,0,,1,1,34,10,MI,MidSeptember,MidSeptember,LateOctober,0vember,1
230,235,0,2,2,1,0,MPH,1,4,4,1,5,1,1,1,1,1,39,7,PA,MidSeptember,MidSeptember,MidOctober,December,1
230,235,0,4,2,1,0,,0,4,0,1,11,6,0,1,1,1,6,6,TX,MidSeptember,MidSeptember,EarlyOctober,0vember,1
230,235,0,,2,1,0,,0,2,2,1,11,11,0,1,1,1,27,10,TX,MidSeptember,MidDecember,LateSeptember(beforeMSPErelease),0vember,1
230,235,0,,2,1,0,,0,7,8,1,11,2,0,1,1,1,28,9,TX,MidSeptember,Late0vember,MidOctober,December,1
230,235,0,2,3,1,1,,0,2,3,1,6,3,0,1,1,1,33,11,NY,Mid0vember,MidJanuary,PromptlyafterOct1(MSPErelease),0vember,1
230,235,0,2,4,1,0,MPH,0,1,1,1,8,3,0,1,1,1,24,9,,MidSeptember,MidSeptember,LateSeptember(beforeMSPErelease),December,1
230,240,0,,0,0,0,Other,1,3,4,7,5,4,0,1,1,1,46,11,,MidSeptember,MidOctober,EarlyOctober,December,1
230,240,0,,1,0,0,,0,2,0,2,8,3,0,1,1,1,42,17,VA,MidSeptember,MidSeptember,EarlyOctober,0vember,1
230,240,0,,1,0,0,,0,4,3,0,5,2,0,1,1,1,55,10,TX,Mid0vember,EarlyOctober,PromptlyafterOct1(MSPErelease),0vember,1
230,240,0,,4,1,0,PhD,0,3,11,11,6,3,0,1,1,1,10,6,SC,LateSeptember,LateOctober,Mid0vember,December,0
230,240,1,1,4,1,0,PhD,0,5,11,11,2,2,0,1,1,1,12,6,NC,MidSeptember,MidSeptember,Early0vember,0vember,1
230,240,0,1,5,1,0,,0,5,4,0,11,,0,1,1,1,18,15,,,,,,1
230,240,0,,5,1,0,,0,2,5,0,10,3,0,1,1,1,24,10,,MidSeptember,MidSeptember,PromptlyafterOct1(MSPErelease),0vember,1
230,240,1,,6,1,1,MPH,0,4,5,2,8,6,0,1,1,1,19,15,NY,MidSeptember,MidSeptember,PromptlyafterOct1(MSPErelease),December,1
230,245,0,3,1,0,0,,0,0,4,0,11,11,0,1,1,2,59,8,NY,LateJanuary,LateJanuary,MidOctober,December,1
230,245,0,,4,0,0,,0,1,0,0,1,0,0,1,1,1,16,7,MA,MidSeptember,MidSeptember,MidOctober,January,1
230,245,0,3,0,1,0,MSc,,2,2,1,0,4,0,1,1,1,12,7,NY,MidSeptember,LateJanuary,PromptlyafterOct1(MSPErelease),0vember,1
230,245,0,2,1,1,0,,1,2,0,0,5,2,0,1,1,1,141,8,TX,LateJanuary,MidSeptember,LateSeptember(beforeMSPErelease),January,1
230,245,0,1,2,1,0,,0,8,6,1,8,7,0,1,1,1,23,6,FL,MidSeptember,LateJanuary,PromptlyafterOct1(MSPErelease),October,1
230,245,0,3,2,1,0,PhD,1,6,11,5,11,11,0,1,1,1,24,12,TX,MidSeptember,MidOctober,EarlyOctober,0vember,1
230,245,0,4,2,1,0,,0,2,4,1,11,10,0,1,1,1,31,10,,MidSeptember,MidSeptember,LateSeptember(beforeMSPErelease),0vember,1
230,245,0,,3,1,0,,0,1,2,1,5,3,0,1,1,1,26,11,NC,MidSeptember,MidSeptember,EarlyOctober,0vember,0
230,245,0,4,5,1,1,MSc,0,1,5,1,10,7,0,1,1,1,20,2,,MidSeptember,MidDecember,LateSeptember(beforeMSPErelease),0vember,0
230,245,0,2,6,1,0,MPH,0,4,0,0,8,8,0,1,1,1,50,16,TX,LateSeptember,Early0vember,MidOctober,December,0
230,245,1,,6,1,0,Other,1,4,4,3,3,1,0,1,1,1,25,12,MN,MidSeptember,MidSeptember,EarlyOctober,December,1
230,250,0,,0,0,0,,0,5,5,2,3,1,0,1,1,1,76,18,TX,MidOctober,EarlyDecember,EarlyOctober,December,1
230,250,0,3,2,0,0,MSc,0,1,2,1,11,4,0,1,1,1,17,6,LA,MidSeptember,MidSeptember,EarlyOctober,January,1
230,250,0,2,3,0,0,,0,4,4,11,6,3,0,1,1,1,31,14,NE,MidSeptember,EarlyDecember,PromptlyafterOct1(MSPErelease),0vember,1
230,250,0,,1,1,0,,0,3,2,0,6,4,0,1,1,1,24,11,NE,MidSeptember,Early0vember,MidOctober,0vember,1
230,250,0,,2,1,1,,0,3,3,0,4,5,0,1,1,1,9,0,DC,MidSeptember,MidSeptember,MidOctober,,1
230,250,0,,3,1,0,MPH,0,6,6,6,4,4,0,1,1,1,29,18,NY,MidSeptember,EarlyOctober,EarlyOctober,December,1
230,250,0,1,5,1,0,,0,2,1,0,8,3,0,1,1,1,31,13,DC,LateSeptember,MidSeptember,EarlyOctober,0vember,1
230,250,0,2,5,1,1,,0,4,2,2,11,11,0,1,1,1,35,16,NY,MidSeptember,EarlyOctober,LateOctober,December,1
230,250,1,,8,1,1,,0,6,3,1,4,1,0,1,1,1,36,12,,MidSeptember,MidSeptember,Early0vember,0vember,1
230,255,0,2,3,1,0,PhD,1,2,11,3,1,0,0,1,1,1,43,16,TX,MidSeptember,Late0vember,MidOctober,0vember,1
230,255,0,2,3,1,1,,0,4,4,0,11,11,,1,1,1,30,13,OH,MidSeptember,Early0vember,EarlyOctober,0vember,1
230,255,0,,5,1,0,Other,0,4,4,3,6,2,0,1,1,1,23,11,MN,LateSeptember,MidJanuary,EarlyOctober,December,1
230,255,0,2,6,1,0,,0,3,3,0,7,4,0,1,1,1,33,15,TX,LateOctober,Mid0vember,EarlyOctober,0vember,0
230,255,1,1,7,1,0,,0,5,9,1,5,6,0,1,1,1,25,13,TX,MidSeptember,MidSeptember,LateSeptember(beforeMSPErelease),January,1
230,255,0,,8,1,1,,0,2,7,0,11,5,0,1,1,1,27,12,MN,MidSeptember,LateJanuary,PromptlyafterOct1(MSPErelease),0vember,1
230,255,,,8,1,0,,0,3,2,1,6,5,0,1,1,1,23,10,NY,MidSeptember,MidSeptember,PromptlyafterOct1(MSPErelease),0vember,1
230,260,0,2,1,0,0,,0,3,2,1,4,0,0,1,1,1,35,15,TX,MidSeptember,LateOctober,LateSeptember(beforeMSPErelease),0vember,1
230,260,0,2,2,1,0,,0,2,0,0,8,2,0,1,1,1,34,13,NY,MidSeptember,MidDecember,LateSeptember(beforeMSPErelease),0vember,1
230,260,1,1,5,1,0,PhD,1,6,11,9,5,4,0,1,1,1,24,15,MI,MidSeptember,MidJanuary,LateSeptember(beforeMSPErelease),December,1
230,265,0,1,3,1,1,,0,6,3,0,10,6,0,1,1,1,20,9,,LateSeptember,EarlyJanuary,MidOctober,December,1
235,220,0,3,2,,0,,,0,1,,,,0,1,,,20,9,TX,LateDecember,MidSeptember,MidOctober,,1
235,220,0,3,2,0,0,PhD,1,8,2,11,5,1,1,1,1,1,15,14,NY,MidSeptember,LateJanuary,MidOctober,0vember,1
235,225,0,3,3,1,0,,0,2,3,0,4,4,0,1,1,1,72,8,MI,LateSeptember,MidSeptember,Mid0vember,December,1
235,230,0,2,0,0,0,,0,1,0,0,5,1,0,1,1,1,33,11,VA,MidSeptember,MidSeptember,EarlyOctober,0vember,1
235,230,0,3,0,0,0,,0,4,5,0,4,1,0,1,1,1,64,15,MI,MidOctober,MidSeptember,EarlyOctober,December,1
235,230,0,,0,0,0,,0,6,6,5,3,2,0,1,,1,35,8,,MidSeptember,LateJanuary,LateOctober,0vember,1
235,235,0,,3,,0,,,1,1,,,,0,1,,,36,13,TX,MidSeptember,EarlyJanuary,PromptlyafterOct1(MSPErelease),,1
235,235,0,4,0,0,0,,0,11,11,1,3,3,0,1,1,1,24,12,TX,MidSeptember,MidSeptember,LateSeptember(beforeMSPErelease),October,0
235,235,0,2,1,0,0,,0,3,3,0,6,2,0,1,1,1,19,9,TX,MidSeptember,MidSeptember,LateOctober,December,0
235,235,0,,1,0,0,,1,4,6,2,5,2,1,1,1,1,48,7,MI,MidSeptember,MidSeptember,MidOctober,December,1
235,235,0,2,0,1,0,MSc,0,2,0,1,6,1,0,1,1,1,27,11,VA,MidSeptember,MidSeptember,EarlyOctober,0vember,1
235,240,0,3,0,,0,,,0,0,,,,0,1,,,32,7,TX,LateOctober,MidOctober,LateOctober,,1
235,240,0,4,0,0,0,PhD,1,4,6,2,3,3,0,1,2,1,52,3,,Early0vember,LateSeptember,EarlyOctober,0vember,0
235,240,0,2,1,0,0,,0,4,2,4,4,4,0,1,1,1,14,7,NY,LateOctober,AfterRankListSubmission,Early0vember,0vember,0
235,240,0,1,2,0,0,,0,0,0,0,3,2,0,1,1,1,13,6,FL,MidSeptember,MidSeptember,LateSeptember(beforeMSPErelease),0vember,1
235,240,0,3,4,0,0,,0,4,2,0,5,5,0,1,1,1,29,16,TX,MidSeptember,MidOctober,EarlyOctober,December,1
235,240,0,2,1,1,0,,0,4,8,6,4,0,0,1,1,1,33,14,VA,MidSeptember,MidOctober,LateSeptember(beforeMSPErelease),0vember,1
235,240,0,3,1,1,0,,0,1,1,0,3,1,0,1,1,1,28,13,NY,MidSeptember,MidOctober,MidOctober,0vember,1
235,240,0,3,1,1,0,MPH,0,3,2,1,6,1,0,1,1,1,43,12,LA,MidSeptember,MidSeptember,PromptlyafterOct1(MSPErelease),December,1
235,240,0,,2,1,0,,0,3,3,0,8,6,0,1,1,1,14,7,NE,MidSeptember,EarlyOctober,MidOctober,0vember,1
235,240,,,3,1,0,,0,11,4,0,2,8,0,1,1,1,1,14,NY,Early0vember,AfterRankListSubmission,Mid0vember,December,1
235,240,0,1,5,1,0,,0,2,2,0,7,2,0,1,1,1,27,9,LA,MidSeptember,EarlyJanuary,MidOctober,December,1
235,245,0,2,1,,0,,,2,1,,,,0,1,,,15,12,TX,EarlyDecember,EarlyDecember,PromptlyafterOct1(MSPErelease),,1
235,245,0,2,1,0,0,,0,5,2,2,6,2,0,1,1,1,19,6,,MidSeptember,MidSeptember,EarlyOctober,December,1
235,245,0,,1,0,0,,0,2,2,1,2,0,0,,1,1,48,17,NJ,LateSeptember,EarlyOctober,MidOctober,0vember,1
235,245,0,2,2,0,1,,0,2,0,0,11,11,0,1,1,1,31,7,KY,MidSeptember,LateJanuary,LateOctober,December,1
235,245,0,2,4,0,0,,0,2,7,2,5,3,0,1,1,1,19,10,,MidOctober,MidSeptember,EarlyOctober,0vember,1
235,245,0,4,2,1,1,,0,3,4,1,7,7,0,1,1,1,39,13,WI,MidSeptember,MidJanuary,LateSeptember(beforeMSPErelease),December,1
235,245,0,,4,1,0,,0,3,1,0,4,1,0,1,1,1,32,10,PA,Mid0vember,Mid0vember,,December,1
235,245,0,2,5,1,1,MPH,0,11,11,1,11,5,0,1,1,1,52,20,TX,MidSeptember,MidDecember,EarlyOctober,0vember,1
235,250,0,2,0,0,0,,0,0,0,1,3,0,0,1,1,1,26,11,TX,EarlyOctober,EarlyOctober,Early0vember,0vember,1
235,250,0,,1,0,0,,0,0,2,0,8,1,0,1,1,1,26,12,TX,LateSeptember,MidDecember,MidOctober,0vember,1
235,250,0,2,1,0,1,,0,3,9,0,11,6,0,1,1,1,16,8,,MidDecember,LateJanuary,MidOctober,0vember,1
235,250,0,2,3,0,0,,0,2,1,0,6,2,0,1,1,1,17,8,IL,MidSeptember,LateOctober,PromptlyafterOct1(MSPErelease),October,1
235,250,0,2,3,1,0,MSc,0,11,11,3,7,7,0,1,1,1,31,12,NJ,MidSeptember,MidSeptember,MidOctober,0vember,1
235,250,0,,3,1,0,,0,3,0,4,5,0,0,1,1,1,23,8,SC,MidSeptember,MidOctober,EarlyOctober,December,1
235,250,0,1,3,1,1,,0,2,1,1,5,1,0,1,1,1,35,16,TX,MidSeptember,MidSeptember,EarlyOctober,December,1
235,250,1,1,3,1,0,,0,2,7,2,4,3,0,1,1,1,20,6,,MidSeptember,MidSeptember,LateSeptember(beforeMSPErelease),October,1
235,250,1,1,5,1,0,,1,4,2,0,5,3,0,1,1,1,32,11,SC,MidSeptember,EarlyOctober,EarlyOctober,0vember,1
235,250,0,2,6,1,1,MPH,0,5,7,2,7,6,0,1,1,1,23,15,TX,MidSeptember,LateOctober,MidOctober,0vember,1
235,250,1,1,7,1,0,Other,0,1,0,0,6,3,0,1,1,1,33,9,KY,MidSeptember,LateSeptember,MidOctober,0vember,1
235,250,1,1,7,1,0,Other,0,1,0,0,6,3,0,1,1,1,33,9,KY,MidSeptember,LateSeptember,MidOctober,0vember,1
235,250,1,1,8,1,0,,0,3,2,2,11,3,0,1,1,1,28,11,MI,MidSeptember,MidSeptember,EarlyOctober,December,1
235,255,0,4,0,0,0,,0,1,1,0,2,1,0,1,1,1,6,7,,LateOctober,LateDecember,MidOctober,0vember,1
235,255,0,,2,0,0,,0,3,0,1,0,0,1,1,1,1,73,11,DC,MidSeptember,LateJanuary,MidOctober,0vember,1
235,255,0,,2,1,0,,0,4,0,0,11,0,0,1,1,1,31,9,SC,MidSeptember,Mid0vember,LateSeptember(beforeMSPErelease),0vember,1
235,255,0,1,4,1,0,,0,3,2,0,6,2,0,1,1,1,38,15,LA,MidSeptember,LateOctober,PromptlyafterOct1(MSPErelease),0vember,1
235,255,0,2,5,1,0,,0,3,3,1,6,2,0,1,1,1,21,12,PA,MidSeptember,MidSeptember,Early0vember,December,1
235,255,0,2,5,1,0,,0,3,3,1,6,2,0,1,1,1,21,12,PA,MidSeptember,MidSeptember,Early0vember,December,1
235,255,1,1,6,1,0,MEd,0,1,7,1,5,5,0,1,1,1,15,10,NY,MidSeptember,MidSeptember,EarlyOctober,December,1
235,255,1,1,6,1,1,,,6,0,3,7,4,0,1,1,1,20,11,NY,MidSeptember,MidDecember,MidOctober,December,1
235,260,0,,3,1,0,,0,2,1,0,8,5,0,1,1,1,20,7,NY,MidSeptember,MidSeptember,EarlyOctober,0vember,1
235,260,0,,3,1,0,,0,4,2,1,10,2,0,1,1,1,25,0,PA,MidSeptember,MidSeptember,EarlyOctober,0vember,1
235,260,0,,3,1,0,,0,4,2,1,10,2,0,1,1,1,25,13,PA,MidSeptember,MidSeptember,EarlyOctober,0vember,1
235,260,0,2,3,1,1,,0,1,0,0,5,0,0,1,1,1,46,17,NY,MidSeptember,EarlyOctober,PromptlyafterOct1(MSPErelease),0vember,1
235,260,1,1,5,1,1,Other,0,4,4,0,8,3,0,1,1,1,27,12,,MidSeptember,LateOctober,EarlyOctober,0vember,1
235,265,0,3,0,0,1,,0,2,1,0,9,6,0,1,1,1,16,6,OH,MidSeptember,MidSeptember,MidOctober,0vember,1
235,265,0,3,2,1,1,,0,1,0,4,5,5,0,1,1,1,17,9,MA,MidSeptember,EarlyJanuary,LateSeptember(beforeMSPErelease),0vember,1
240,225,0,,1,0,0,,0,2,1,1,5,2,0,1,1,1,33,10,MI,MidSeptember,MidSeptember,LateOctober,December,1
240,235,0,,0,,0,,,0,0,,,,0,1,,,32,10,TX,EarlyOctober,LateJanuary,EarlyOctober,,1
240,235,0,3,3,,0,,,3,2,,,,0,1,,,12,6,TX,MidSeptember,LateOctober,MidOctober,,1
240,235,0,3,0,0,0,,0,3,2,1,5,3,0,1,1,1,21,12,,LateOctober,MidOctober,MidOctober,0vember,1
240,235,0,2,1,0,0,PhD,0,7,11,11,6,4,0,1,1,1,26,14,VA,MidSeptember,MidSeptember,LateSeptember(beforeMSPErelease),0vember,1
240,235,0,,1,0,0,,0,6,6,2,8,2,0,1,1,1,19,8,,MidDecember,MidSeptember,MidOctober,December,1
240,235,0,3,4,1,0,,0,1,2,0,10,5,0,1,1,1,28,12,TX,EarlyOctober,EarlyOctober,EarlyOctober,October,1
240,240,0,,0,,0,PhD,1,6,6,7,,3,0,1,1,1,10,8,TN,MidSeptember,LateJanuary,EarlyOctober,December,1
240,240,0,3,1,0,0,,0,3,3,2,11,0,0,1,1,1,46,15,CT,MidSeptember,Early0vember,PromptlyafterOct1(MSPErelease),0vember,1
240,240,0,2,1,0,1,,0,2,3,1,10,7,0,1,1,1,24,12,NY,MidSeptember,LateJanuary,MidOctober,0vember,1
240,240,1,,3,1,1,,0,2,3,0,11,8,0,1,1,1,38,12,,MidSeptember,MidDecember,MidOctober,December,1
240,245,0,,4,,0,,,2,2,,,,0,1,,,14,13,TX,MidSeptember,MidSeptember,MidOctober,,1
240,245,0,2,1,1,0,,0,2,2,1,4,2,0,1,1,1,27,12,NC,MidSeptember,MidOctober,LateSeptember(beforeMSPErelease),0vember,1
240,245,0,3,1,1,0,,1,5,8,3,4,2,0,1,1,1,44,12,NY,MidSeptember,MidJanuary,MidOctober,0vember,1
240,245,0,,1,1,0,MPH,0,4,7,3,5,3,0,1,1,1,16,8,CT,MidSeptember,MidSeptember,EarlyOctober,October,1
240,245,0,,2,1,0,,0,3,4,3,5,1,0,1,1,1,80,19,MA,LateSeptember,Early0vember,MidOctober,December,1
240,250,0,,3,,1,,,2,1,,,,0,1,,,32,19,TX,MidSeptember,MidSeptember,LateSeptember(beforeMSPErelease),,0
240,250,0,,2,0,1,,0,0,0,1,7,5,0,1,1,1,18,8,MI,LateSeptember,LateSeptember,EarlyOctober,0vember,1
240,250,0,2,2,1,0,MPH,0,9,8,3,6,5,0,1,1,1,46,10,,LateOctober,LateOctober,PromptlyafterOct1(MSPErelease),0vember,1
240,250,0,3,2,1,0,,0,6,4,3,3,0,0,1,1,1,15,10,LA,MidSeptember,MidSeptember,MidOctober,0vember,1
240,250,0,,2,1,1,,0,3,4,0,10,6,0,,1,1,4,3,,MidSeptember,MidSeptember,EarlyOctober,0vember,1
240,250,0,1,3,1,0,,0,1,0,0,5,2,0,1,1,1,27,14,,LateOctober,LateDecember,MidOctober,0vember,1
240,250,0,2,3,1,0,Other,0,4,3,0,4,3,0,1,1,1,22,16,VA,LateSeptember,MidSeptember,PromptlyafterOct1(MSPErelease),0vember,1
240,250,0,3,4,1,1,,0,3,11,2,6,4,0,1,1,1,32,14,NY,MidSeptember,MidDecember,LateSeptember(beforeMSPErelease),December,1
240,250,0,2,5,1,1,,0,2,2,1,4,3,0,1,1,1,16,10,NY,MidSeptember,LateDecember,EarlyOctober,0vember,1
240,250,1,,5,1,1,,0,3,5,0,9,3,0,1,1,1,36,16,MI,MidSeptember,MidSeptember,LateSeptember(beforeMSPErelease),0vember,1
240,250,1,1,6,1,1,,0,1,1,0,9,7,0,1,1,1,39,16,IL,MidSeptember,LateSeptember,LateSeptember(beforeMSPErelease),0vember,1
240,250,0,1,7,1,0,MPH,0,6,0,2,3,4,0,1,1,1,10,12,TX,MidSeptember,MidSeptember,PromptlyafterOct1(MSPErelease),October,1
240,255,0,3,3,1,0,,0,2,0,1,5,1,0,1,1,1,32,12,GA,MidSeptember,MidSeptember,MidOctober,0vember,1
240,255,0,1,5,1,1,,0,0,0,0,3,0,0,1,1,1,20,8,TX,LateOctober,EarlyDecember,PromptlyafterOct1(MSPErelease),December,1
240,255,1,1,6,1,0,,0,5,4,0,11,7,0,1,1,1,30,18,LA,MidSeptember,LateSeptember,LateSeptember(beforeMSPErelease),0vember,1
240,255,0,2,8,1,0,,0,2,1,0,11,6,0,1,1,2,8,1,GA,EarlyOctober,,PromptlyafterOct1(MSPErelease),0vember,1
240,260,0,2,2,1,0,,0,1,3,0,7,5,0,1,1,1,30,11,FL,MidSeptember,MidDecember,PromptlyafterOct1(MSPErelease),0vember,1
240,260,0,2,5,1,0,,0,1,8,1,7,11,1,1,1,1,22,13,IL,MidSeptember,EarlyDecember,LateSeptember(beforeMSPErelease),0vember,0
240,260,0,,5,1,0,,0,3,2,0,11,6,0,1,1,1,29,17,,MidSeptember,MidSeptember,EarlyOctober,December,1
240,260,1,1,5,1,0,,0,1,0,0,4,0,0,1,1,1,25,11,,LateSeptember,LateDecember,EarlyOctober,0vember,0
240,260,0,1,6,1,0,,0,5,6,2,4,0,0,1,1,1,16,7,,MidSeptember,MidDecember,LateOctober,0vember,1
240,260,,,6,1,,,0,6,11,11,8,8,0,1,1,1,10,8,CT,EarlyJanuary,Early0vember,PromptlyafterOct1(MSPErelease),0vember,1
240,260,1,1,6,1,0,,0,3,4,4,8,4,0,1,1,1,28,16,MO,MidSeptember,EarlyDecember,EarlyOctober,December,1
240,260,1,1,7,1,0,MSc,0,0,1,0,11,2,0,1,1,1,13,7,FL,MidSeptember,MidSeptember,EarlyOctober,December,0
240,260,1,1,8,1,0,,0,3,3,0,8,0,0,1,1,1,31,13,GA,MidSeptember,MidOctober,MidOctober,0vember,1
240,265,0,2,1,,0,,,1,0,,,,0,1,,,29,7,TX,MidSeptember,MidOctober,EarlyOctober,,1
240,265,1,1,5,0,1,,0,0,0,0,9,9,0,1,1,,2,2,TX,MidSeptember,,LateSeptember(beforeMSPErelease),October,1
240,265,0,,2,1,1,,0,3,11,3,7,,0,1,1,1,31,19,,MidSeptember,EarlyDecember,,,1
240,265,1,1,4,1,1,MPH,0,3,4,1,5,5,0,1,1,1,43,19,TX,MidSeptember,MidSeptember,LateOctober,0vember,1
240,265,1,1,6,1,0,,0,2,4,1,3,2,0,1,1,1,31,15,TX,MidSeptember,Early0vember,Early0vember,0vember,1
240,265,1,1,6,1,0,,0,5,2,1,8,3,0,1,1,1,36,18,NY,MidSeptember,MidDecember,PromptlyafterOct1(MSPErelease),0vember,1
240,270,1,1,7,1,0,MPH,0,3,2,0,6,4,0,1,1,1,20,15,NC,MidSeptember,MidSeptember,LateSeptember(beforeMSPErelease),0vember,1
245,220,0,4,1,,0,,,3,2,,,,0,1,,,25,6,TX,MidSeptember,MidJanuary,EarlyOctober,,1
245,235,0,3,1,1,0,PhD,1,4,11,6,1,1,0,1,1,1,10,5,FL,MidSeptember,MidJanuary,LateSeptember(beforeMSPErelease),0vember,1
245,240,0,1,1,1,0,PhD,0,2,3,11,6,0,0,1,1,1,21,8,,MidSeptember,MidSeptember,MidOctober,October,1
245,240,0,2,1,1,0,MPH,0,3,4,2,6,0,0,1,1,1,30,9,TX,MidSeptember,MidSeptember,EarlyOctober,December,1
245,240,,,4,1,0,,0,7,11,3,8,5,0,1,1,1,16,10,NY,LateJanuary,LateJanuary,MidOctober,0vember,1
245,245,0,3,1,,0,,,6,4,,,,0,1,,,38,8,TX,MidSeptember,EarlyJanuary,LateSeptember(beforeMSPErelease),,1
245,245,0,,2,,1,,,1,0,,,,0,1,,,15,9,TX,MidSeptember,EarlyJanuary,LateSeptember(beforeMSPErelease),,1
245,245,0,2,5,,0,,,1,1,,,,0,1,,,12,7,TX,MidSeptember,MidSeptember,LateSeptember(beforeMSPErelease),,1
245,245,1,1,5,,0,,,2,1,,,,0,1,,,28,17,TX,MidSeptember,MidOctober,MidOctober,,1
245,245,0,2,1,1,0,,0,1,0,0,5,4,0,1,1,1,23,7,MN,Early0vember,LateJanuary,PromptlyafterOct1(MSPErelease),0vember,1
245,245,0,2,3,1,0,,0,4,4,2,4,2,0,1,1,2,34,3,TX,MidSeptember,MidSeptember,EarlyOctober,0vember,1
245,245,0,2,3,1,1,,0,1,1,0,6,5,0,1,1,1,21,10,,LateSeptember,LateJanuary,EarlyOctober,December,1
245,245,0,2,4,1,1,MPH,0,5,7,1,3,5,0,1,1,1,35,13,LA,MidSeptember,MidSeptember,MidOctober,0vember,1
245,245,1,1,6,1,0,,0,2,2,1,11,4,0,1,1,1,31,14,,MidSeptember,Late0vember,LateSeptember(beforeMSPErelease),December,1
245,245,1,1,8,1,0,MSc,0,2,1,1,0,3,0,1,1,1,1,9,DC,MidSeptember,MidSeptember,PromptlyafterOct1(MSPErelease),December,0
245,245,1,1,8,1,0,MSc,0,2,1,1,0,3,0,1,1,1,1,9,DC,MidSeptember,MidSeptember,PromptlyafterOct1(MSPErelease),December,0
245,250,0,,0,,0,,0,0,,,,,,1,1,1,20,9,PA,MidSeptember,LateJanuary,MidOctober,December,1
245,250,0,,4,0,0,,0,1,1,1,7,1,0,1,1,1,26,11,TX,MidSeptember,MidDecember,EarlyOctober,December,1
245,250,0,,1,1,0,,0,1,1,0,6,2,0,1,1,1,14,6,MO,MidDecember,MidDecember,MidOctober,0vember,1
245,250,0,,1,1,0,,0,3,2,0,4,2,0,,1,1,34,7,NY,MidSeptember,EarlyJanuary,Mid0vember,December,1
245,250,0,,1,1,0,,0,3,2,1,4,4,0,1,1,1,37,7,NY,MidSeptember,MidJanuary,LateOctober,December,1
245,250,0,2,2,1,0,,0,4,11,11,6,0,0,1,1,1,38,12,IL,MidSeptember,MidSeptember,EarlyOctober,December,1
245,250,1,1,3,1,1,,0,3,5,1,11,4,0,1,1,1,34,14,TX,MidSeptember,Mid0vember,LateSeptember(beforeMSPErelease),0vember,1
245,250,0,2,4,1,0,,0,2,3,0,5,3,0,1,1,1,18,11,MA,MidSeptember,MidSeptember,PromptlyafterOct1(MSPErelease),0vember,1
245,250,1,1,4,1,0,,0,1,3,0,6,4,0,1,1,1,23,11,FL,MidSeptember,MidSeptember,LateOctober,0vember,1
245,255,0,2,4,0,0,,0,2,2,2,2,0,0,1,1,2,11,6,,LateJanuary,LateJanuary,LateOctober,December,1
245,255,0,,1,1,0,,0,0,0,0,0,0,0,1,1,1,36,10,FL,MidSeptember,MidDecember,EarlyOctober,December,1
245,255,0,2,3,1,0,,0,2,3,0,4,4,0,1,1,1,51,15,PA,EarlyOctober,EarlyOctober,EarlyOctober,December,1
245,255,,2,3,1,0,,0,4,5,2,11,6,0,1,1,1,21,12,MN,MidSeptember,MidSeptember,PromptlyafterOct1(MSPErelease),0vember,1
245,255,0,1,4,1,0,,0,2,0,0,7,3,0,1,1,2,27,11,PA,EarlyOctober,EarlyOctober,Early0vember,December,1
245,260,,1,1,0,,,0,6,5,4,3,0,0,1,1,1,96,12,CA,MidSeptember,MidOctober,EarlyOctober,0vember,0
245,260,0,1,2,1,0,,0,1,0,0,2,1,0,1,1,1,20,0,SC,LateSeptember,LateJanuary,PromptlyafterOct1(MSPErelease),0vember,1
245,260,0,3,3,1,0,,0,3,4,1,7,3,0,1,1,1,36,18,TX,MidSeptember,MidOctober,LateSeptember(beforeMSPErelease),0vember,1
245,260,0,,3,1,0,,0,2,0,0,6,4,0,1,1,1,24,11,PA,MidSeptember,MidSeptember,LateSeptember(beforeMSPErelease),December,1
245,260,0,3,3,1,1,,0,4,6,1,7,3,0,,1,,24,17,TX,MidSeptember,MidSeptember,PromptlyafterOct1(MSPErelease),0vember,1
245,260,0,,3,1,1,,0,2,3,1,4,4,0,1,1,1,34,17,,MidOctober,MidDecember,PromptlyafterOct1(MSPErelease),January,1
245,260,1,1,3,1,0,,0,5,6,3,11,5,0,1,1,1,26,11,NC,MidSeptember,MidSeptember,LateSeptember(beforeMSPErelease),December,1
245,260,0,1,5,1,0,PhD,0,3,11,7,3,2,0,1,1,1,15,12,IL,MidSeptember,MidSeptember,EarlyOctober,0vember,1
245,260,0,2,5,1,0,,0,3,1,1,7,3,0,1,1,1,39,14,PA,MidSeptember,MidSeptember,MidOctober,December,1
245,260,1,,7,1,0,,0,3,6,0,9,5,0,1,1,1,56,21,GA,LateSeptember,LateSeptember,MidOctober,December,1
245,265,0,1,1,,0,,,1,1,,,,0,1,,,12,9,TX,MidSeptember,MidSeptember,EarlyOctober,,1
245,265,1,1,6,1,0,,0,6,11,3,11,11,0,1,1,1,19,13,TX,MidSeptember,Mid0vember,LateSeptember(beforeMSPErelease),January,1
245,265,1,1,7,1,0,,0,11,11,11,6,11,0,1,1,1,21,11,NY,MidSeptember,MidSeptember,PromptlyafterOct1(MSPErelease),0vember,1
245,265,1,1,8,1,0,MSc,0,7,5,2,10,4,0,1,1,1,27,11,GA,MidSeptember,MidJanuary,PromptlyafterOct1(MSPErelease),0vember,1
245,265,1,1,8,1,1,,0,4,11,10,8,4,0,1,1,1,19,11,MA,MidSeptember,MidSeptember,LateSeptember(beforeMSPErelease),0vember,1
245,270,0,1,0,,0,,0,3,1,0,7,4,0,1,1,1,44,18,KY,LateSeptember,MidOctober,LateOctober,0vember,1
250,235,0,,0,0,1,,0,2,2,0,11,5,0,1,1,1,27,8,,Late0vember,LateDecember,Early0vember,January,1
250,240,0,4,0,0,0,,0,6,4,1,5,3,0,1,1,1,11,8,CT,EarlyDecember,EarlyDecember,EarlyOctober,0vember,0
250,240,0,,3,0,0,,0,1,2,1,11,4,0,1,1,1,44,17,PA,MidSeptember,MidSeptember,PromptlyafterOct1(MSPErelease),December,1
250,245,0,,1,0,0,,0,0,1,0,5,3,0,1,1,1,41,9,TX,EarlyOctober,EarlyDecember,EarlyOctober,0vember,1
250,245,0,1,4,1,0,,0,3,3,0,3,5,1,1,1,1,28,5,OH,MidSeptember,MidSeptember,PromptlyafterOct1(MSPErelease),0vember,1
250,250,0,1,1,,0,,0,0,0,1,11,,0,1,1,1,66,13,,MidSeptember,MidSeptember,PromptlyafterOct1(MSPErelease),0vember,1
250,250,0,,3,0,1,,0,5,5,0,11,5,0,1,1,1,35,8,TX,MidSeptember,LateSeptember,LateSeptember(beforeMSPErelease),0vember,1
250,250,0,1,2,1,0,,0,3,5,0,11,11,0,1,1,1,25,16,,LateOctober,LateOctober,EarlyOctober,0vember,1
250,250,0,3,2,1,0,,1,1,3,0,2,0,0,1,1,1,56,8,,MidSeptember,MidSeptember,EarlyOctober,0vember,1
250,250,1,1,4,1,0,,0,3,2,8,3,0,0,1,1,1,23,11,PA,MidSeptember,MidSeptember,LateOctober,December,1
250,255,0,1,5,,0,MBA,0,5,4,0,11,0,0,1,1,1,28,10,TX,MidSeptember,MidSeptember,LateSeptember(beforeMSPErelease),0vember,1
250,255,0,1,0,1,1,,0,3,4,2,11,11,0,1,1,1,24,15,TX,MidSeptember,EarlyJanuary,PromptlyafterOct1(MSPErelease),October,1
250,255,0,1,2,1,0,PhD,0,1,6,5,4,3,0,1,1,1,18,11,TX,Early0vember,MidSeptember,EarlyOctober,0vember,1
250,255,1,1,4,1,1,,0,2,3,0,3,4,0,1,1,1,19,9,IL,MidSeptember,Mid0vember,MidOctober,December,1
250,260,1,,3,0,1,,0,1,0,0,4,4,0,1,1,1,26,11,SC,MidSeptember,LateJanuary,MidOctober,0vember,1
250,260,1,1,4,1,0,MBA,0,2,4,0,7,3,0,1,1,1,21,10,TX,MidSeptember,MidSeptember,EarlyOctober,0vember,1
250,260,1,1,7,1,1,,0,2,1,0,10,7,0,1,1,1,13,10,IL,MidSeptember,MidSeptember,PromptlyafterOct1(MSPErelease),0vember,1
250,260,0,1,8,1,0,,0,0,0,1,3,0,0,1,1,1,20,10,KY,LateSeptember,LateSeptember,PromptlyafterOct1(MSPErelease),October,1
250,265,0,1,1,0,1,MDiv,0,4,1,0,5,1,0,1,1,1,33,10,FL,MidSeptember,MidSeptember,LateSeptember(beforeMSPErelease),0vember,1
250,270,0,1,7,1,0,,0,0,0,1,2,2,0,1,1,1,25,9,TX,MidSeptember,Mid0vember,MidOctober,October,0
250,270,1,1,8,1,0,,0,2,4,1,8,6,0,1,1,1,20,15,,MidSeptember,MidSeptember,PromptlyafterOct1(MSPErelease),0vember,1
250,270,1,1,8,1,1,,0,5,5,1,11,11,0,1,1,1,26,16,TX,MidSeptember,MidSeptember,PromptlyafterOct1(MSPErelease),0vember,1
255,245,0,,0,0,0,MSc,0,2,2,1,7,5,0,1,1,1,44,13,WI,EarlyOctober,EarlyDecember,EarlyOctober,October,1
255,245,0,3,2,0,0,,0,3,1,3,3,3,0,1,1,2,19,8,NY,MidSeptember,AfterRankListSubmission,Early0vember,December,1
255,250,0,,2,0,0,,0,2,1,0,5,2,0,1,1,1,20,5,NY,MidSeptember,MidSeptember,EarlyOctober,December,1
255,255,0,1,2,0,0,,0,3,6,2,3,2,0,1,1,1,30,16,FL,MidSeptember,MidDecember,MidOctober,0vember,1
255,260,0,3,1,1,0,,0,3,2,1,4,3,0,1,1,1,16,11,IL,Mid0vember,LateJanuary,PromptlyafterOct1(MSPErelease),0vember,1
255,260,0,1,4,1,0,PhD,1,8,11,7,5,3,0,1,1,1,25,12,AL,MidSeptember,MidDecember,PromptlyafterOct1(MSPErelease),December,1
255,260,1,1,4,1,0,,0,6,6,1,11,5,0,1,1,1,41,20,TX,EarlyOctober,MidJanuary,MidOctober,0vember,1
255,260,0,1,6,1,0,PhD,0,3,11,8,3,1,0,1,1,1,14,12,TX,EarlyOctober,EarlyOctober,MidOctober,0vember,1
255,260,1,1,6,1,1,,,2,1,0,2,3,0,1,1,1,32,15,IL,LateSeptember,EarlyDecember,EarlyOctober,0vember,1
255,260,,,8,1,,,1,2,4,0,5,2,0,1,1,1,12,8,CT,MidSeptember,MidSeptember,EarlyOctober,January,1
255,260,1,1,8,1,,,0,0,2,0,11,7,0,1,1,1,31,17,,MidSeptember,MidSeptember,LateOctober,0vember,1
255,265,1,1,4,1,0,,0,2,3,0,5,5,0,1,1,1,34,14,IL,MidSeptember,MidOctober,MidOctober,December,1
255,265,1,1,5,1,0,,0,3,8,4,2,1,0,1,1,1,6,5,MN,LateDecember,MidJanuary,MidOctober,0vember,1
255,265,1,1,6,1,1,,0,3,1,0,11,11,0,1,1,1,6,6,NY,MidSeptember,MidSeptember,PromptlyafterOct1(MSPErelease),December,1
255,265,,1,7,1,,MPH,0,1,11,8,8,4,0,1,1,1,16,10,,MidSeptember,MidSeptember,EarlyOctober,December,1
260,250,1,1,5,1,0,,,5,4,1,8,5,0,1,1,1,18,15,PA,MidSeptember,MidSeptember,PromptlyafterOct1(MSPErelease),0vember,1
260,255,1,,3,1,0,,0,3,4,0,9,3,0,1,1,1,28,9,TX,MidOctober,MidOctober,LateSeptember(beforeMSPErelease),0vember,1
260,265,0,1,6,1,0,,0,2,1,3,6,2,0,1,1,1,38,12,FL,MidSeptember,MidSeptember,EarlyOctober,December,1
260,265,1,1,7,1,1,,0,2,1,5,9,2,0,1,1,1,13,9,TX,MidSeptember,MidSeptember,EarlyOctober,December,1
260,270,,,7,1,0,Other,1,7,11,4,5,0,0,1,1,1,14,12,NY,MidSeptember,MidSeptember,PromptlyafterOct1(MSPErelease),December,1
265,265,1,1,5,,0,,0,1,0,0,6,2,0,1,1,1,20,13,,MidSeptember,MidSeptember,PromptlyafterOct1(MSPErelease),0vember,1
265,265,1,,7,1,1,,0,5,5,3,11,10,0,1,1,1,11,11,NY,EarlyJanuary,MidOctober,MidOctober,0vember,1
265,265,1,1,8,1,0,,0,6,6,3,8,8,0,1,1,1,22,14,TX,MidDecember,LateJanuary,LateSeptember(beforeMSPErelease),0vember,1